id;id_station_measure
101633-Lte;101
101896-Lte;114
101897-Lte;112
1044512-Lte;103
1044518-Lte;103
1048607-Lte;2
1048865-Lte;75
1048871-Lte;75
10507777-Lte;75
10507778-Lte;75
10507784-Lte;75
10514178-Lte;39
1052688-Wcdma;107
106753-Lte;91
1073427-Wcdma;108
1073428-Wcdma;54
1073433-Wcdma;14
1073434-Wcdma;55
1073435-Wcdma;102-56
1073441-Lte;83
10756097-Lte;58
10756099-Lte;60
10756865-Lte;103
10756866-Lte;103-104
1076001-Lte;39
1079591-Lte;3
10812419-Lte;61
10818562-Lte;39
10861316-Lte;60
10873861-Lte;73
10883841-Lte;64
10883842-Lte;64
10902019-Lte;67
10902021-Lte;66
10902023-Lte;66
10902025-Lte;66
1091623-Lte;100
10969345-Lte;17
10972161-Lte;16
10972162-Lte;16
10984449-Lte;74
10984451-Lte;74
1098527-Lte;38
10986758-Lte;61
1100327-Lte;69
1101599-Lte;66
1101601-Lte;67
1106719-Lte;39
110851-Lte;10-11
111106-Lte;9
111361-Lte;8
111362-Lte;8
111363-Lte;8
112129-Lte;4
112130-Lte;4
112131-Lte;4
1127305-Wcdma;78
11276033-Lte;39
1127907-Wcdma;78
11302145-Lte;67
11302147-Lte;68
1131295-Wcdma;78
1131632-Wcdma;78
11339266-Lte;84
11339267-Lte;84
11349249-Lte;70
11349250-Lte;70
11390209-Lte;90
11390210-Lte;90
1146839-Wcdma;78
114945-Lte;90
115457-Lte;88
11559169-Lte;106
11599875-Lte;39
11600387-Lte;83
11619585-Lte;13-14
11619586-Lte;14
11619841-Lte;15
11619842-Lte;15
11634433-Lte;91
11634434-Lte;91
11634945-Lte;92
11634946-Lte;92
11635201-Lte;93
11635202-Lte;93
11635457-Lte;94
11635460-Lte;94
11639810-Lte;82
11639813-Lte;82
1168554-Wcdma;79
1168555-Wcdma;79
1168557-Wcdma;79
1168558-Wcdma;79
1174558-Wcdma;47
1174559-Wcdma;47
1174560-Wcdma;47
1174562-Wcdma;47
1174563-Wcdma;47
1174564-Wcdma;48
1174565-Wcdma;48
1174566-Wcdma;48
1174567-Wcdma;48
1174569-Wcdma;48
1174570-Wcdma;49
1174571-Wcdma;49
1174573-Wcdma;49
1174574-Wcdma;49
1175826-Wcdma;51
1175834-Wcdma;6
1186916-Wcdma;84
1186917-Wcdma;84
1186918-Wcdma;83
1186919-Wcdma;84
1186920-Wcdma;84
1186922-Wcdma;84
1186923-Wcdma;84
1192349-Wcdma;83
1193326-Wcdma;82
1193773-Wcdma;83
1194200-Wcdma;83
1196409-Wcdma;82
1196412-Wcdma;82-83
1202168-Wcdma;80
1202170-Wcdma;80
1202171-Wcdma;80
1204511-Lte;74
1207041-Wcdma;82
1207045-Wcdma;82
1214245-Lte;70
1215519-Lte;16
1215526-Lte;16
1215527-Lte;16
1215775-Lte;21
1215782-Lte;21
1215783-Lte;21
1216287-Lte;11
1216294-Lte;11
1216295-Lte;11
121857-Lte;111
121859-Lte;109
1224557-Wcdma;83
1227551-Lte;39
122881-Lte;101
1229584-Wcdma;83
1229585-Wcdma;83
1231075-Wcdma;85
1231078-Wcdma;85
1231079-Wcdma;85
123137-Lte;102
1234097-Wcdma;81
1234098-Wcdma;81
1234100-Wcdma;81
1234101-Wcdma;81
1237031-Lte;60
1238311-Lte;39
1240070-Wcdma;43
1240072-Wcdma;43
1240073-Wcdma;43
1240075-Wcdma;43
1240076-Wcdma;44
1240078-Wcdma;44
1240079-Wcdma;44
1240080-Wcdma;44
1240081-Wcdma;44
1240082-Wcdma;45
1240083-Wcdma;45
1240084-Wcdma;45
1240085-Wcdma;45
1240086-Wcdma;45
1240087-Wcdma;45
1240088-Wcdma;46
1240090-Wcdma;46
1240091-Wcdma;46
1240093-Wcdma;46
1247851-Wcdma;40
1247852-Wcdma;40
1249057-Lte;101
1249569-Lte;70
1249575-Lte;70
1251104-Lte;36
1251110-Lte;36
1252565-Wcdma;56
1253220-Wcdma;73
1253223-Wcdma;73
1253365-Wcdma;107
1253371-Wcdma;107
1253406-Wcdma;60
1253407-Lte;82
1253525-Wcdma;63
1253526-Wcdma;108
1253531-Wcdma;63
1253532-Wcdma;108
1253566-Wcdma;74
1253569-Wcdma;74
1253570-Wcdma;74
1253581-Wcdma;58
1253583-Wcdma;58
1253995-Wcdma;61
1253997-Wcdma;61
1256223-Lte;73
1256225-Lte;73
1256231-Lte;74
1256735-Lte;59
1257247-Lte;64-65
1257248-Lte;66
1258066-Wcdma;61
1258535-Wcdma;74
1258667-Wcdma;65
1258791-Wcdma;64
1259027-Wcdma;75
1259029-Wcdma;75
1259030-Wcdma;75
1259032-Wcdma;75
1259033-Wcdma;75
1259155-Wcdma;65
1260635-Wcdma;40
1263121-Wcdma;40
1263122-Wcdma;40
1263856-Wcdma;136
1263857-Wcdma;136
1263861-Wcdma;136
1263862-Wcdma;136
1267688-Wcdma;3
127251-Wcdma;93
127252-Wcdma;93
127256-Wcdma;14-3
127257-Wcdma;23
1274458-Wcdma;60
1274993-Wcdma;2
1277981-Wcdma;38
1278506-Wcdma;10
1279382-Wcdma;5
1279383-Wcdma;5
1279384-Wcdma;5
1279388-Wcdma;8
1279389-Wcdma;8
1279394-Wcdma;2
1279407-Wcdma;3
1279415-Wcdma;9
1279416-Wcdma;9
1279421-Wcdma;4
1279422-Wcdma;4
1279445-Wcdma;6
1279446-Wcdma;6
1279463-Wcdma;1
1279475-Wcdma;7
1279476-Wcdma;7
1283605-Lte;78
1283615-Lte;78
12872705-Lte;37
12872706-Lte;37
12872708-Lte;37
12887297-Lte;49
12887298-Lte;49
1291808-Lte;61
1294368-Lte;76-77
1294369-Lte;77
1295840-Wcdma;88
1295841-Wcdma;88
1295843-Wcdma;88
1295844-Wcdma;88
1295846-Wcdma;89
1295847-Wcdma;89
1295850-Wcdma;89
1295852-Wcdma;90
1295853-Wcdma;90
1295854-Wcdma;90
1295855-Wcdma;90
1295857-Wcdma;90
1295903-Lte;38
1295904-Lte;39
1296626-Wcdma;87
1296627-Wcdma;87
1296638-Wcdma;87
1296639-Wcdma;87
1296640-Wcdma;87
1296641-Wcdma;87
1296662-Wcdma;91
1296677-Wcdma;91
1296679-Wcdma;91
1296680-Wcdma;91
1299952-Wcdma;66
1299955-Wcdma;64
1299983-Wcdma;75
1299990-Wcdma;73
1300841-Wcdma;61
1300842-Wcdma;61
1301670-Wcdma;1
1301795-Wcdma;59
1302066-Wcdma;60
1302305-Wcdma;64
1302897-Wcdma;39
1302898-Wcdma;39
1302899-Wcdma;39
1302900-Wcdma;39
1302901-Wcdma;39
1302902-Wcdma;39
1302903-Wcdma;39
1302904-Wcdma;39
1302905-Wcdma;39
1304696-Wcdma;74
1305276-Wcdma;3
1305472-Wcdma;74
1305582-Wcdma;39
1305583-Wcdma;39
1305585-Wcdma;39
1305586-Wcdma;39
1305588-Wcdma;40
1305591-Wcdma;40
1305594-Wcdma;41
1305596-Wcdma;112-41
1305597-Wcdma;41
1305598-Wcdma;41
1305599-Wcdma;112-41
1305600-Wcdma;42
1305602-Wcdma;42
1305603-Wcdma;42
1305604-Wcdma;42
1305605-Wcdma;42
1305734-Wcdma;10
1305735-Wcdma;10
1305737-Wcdma;9
1305738-Wcdma;9
1305740-Wcdma;8
1305741-Wcdma;8
1305743-Wcdma;7
1305744-Wcdma;7
1305745-Wcdma;7
1305746-Wcdma;6
1305747-Wcdma;6
1305749-Wcdma;5
1305750-Wcdma;5
1305752-Wcdma;4
1305753-Wcdma;4
1305756-Wcdma;3
1305757-Wcdma;3
1305758-Wcdma;2
1305759-Wcdma;1
13057793-Lte;26
13057794-Lte;26
1309840-Wcdma;75
1316445-Wcdma;28
1316448-Wcdma;28
1316454-Wcdma;92
1316457-Wcdma;92
1316464-Wcdma;30
1316467-Wcdma;30
1316474-Wcdma;31
1316475-Wcdma;31
1316477-Wcdma;31
1316478-Wcdma;31
1316911-Wcdma;12-21
1316912-Wcdma;12-21
1316914-Wcdma;50
1316918-Wcdma;21
1316921-Wcdma;14-24
1316924-Wcdma;24
1316927-Wcdma;24
1316941-Wcdma;25
1317127-Wcdma;23
1317131-Wcdma;22
1317137-Wcdma;22-27
1317201-Wcdma;50-51
1317207-Wcdma;50-51
1319455-Lte;40
1319456-Lte;40
1319461-Lte;40
1319462-Lte;40
1322911-Wcdma;26
1322927-Wcdma;27
1324596-Wcdma;69
13263617-Lte;63
1327648-Lte;104
1328671-Lte;74
1328672-Lte;74
1328673-Lte;64
1329382-Wcdma;69
1333274-Wcdma;71
1333275-Wcdma;71
1333277-Wcdma;71
1333278-Wcdma;71
1333302-Wcdma;72
1333303-Wcdma;72
1333304-Wcdma;72
1333305-Wcdma;72
1333307-Wcdma;72
1337184-Wcdma;69
1341118-Wcdma;70
134193-Wcdma;101
134233-Wcdma;41
134733-Wcdma;41
134736-Wcdma;42
134739-Wcdma;42
134740-Wcdma;42
13486849-Lte;81
13486852-Lte;81
13487361-Lte;80
13494529-Lte;109
13494531-Lte;109
13497857-Lte;110
13497858-Lte;110
13504513-Lte;111
13504514-Lte;111
13506561-Lte;112
13506562-Lte;112
13511169-Lte;113
13514241-Lte;114
13514242-Lte;114
13514245-Lte;114
13514246-Lte;114
13515265-Lte;33
13515266-Lte;33
13521665-Lte;116
13521666-Lte;116
13523457-Lte;115
13523458-Lte;115
13523461-Lte;115
13529601-Lte;13
13529602-Lte;13
13529857-Lte;11-12
13529858-Lte;11
13548802-Lte;117
1355042-Wcdma;67-69
13553410-Lte;118
13553411-Lte;118
1355399-Wcdma;70
1355549-Wcdma;70
13561857-Lte;78
13563393-Lte;72
13565953-Lte;63
13565954-Lte;63
13586433-Lte;10
1364262-Lte;58
1364768-Lte;100
1364774-Lte;100
13649410-Lte;41
13649411-Lte;41
1365286-Lte;66
1366048-Lte;100
1366054-Lte;100
1366303-Lte;102
1366304-Lte;102
1366431-Wcdma;69-70
1366434-Wcdma;69-70
13701890-Lte;71
13701891-Lte;71
13706754-Lte;30
13750273-Lte;119
13750274-Lte;119
13750277-Lte;119
13752833-Lte;120
13752834-Lte;120
13752836-Lte;120
13755393-Lte;121
13755394-Lte;121
13755396-Lte;121
13755397-Lte;121
13760513-Lte;122
13760514-Lte;122
13768193-Lte;123
13768194-Lte;123
13773313-Lte;124
13773314-Lte;124
13778433-Lte;125
13778434-Lte;125
13783553-Lte;126
13788673-Lte;127
13788674-Lte;127
13791233-Lte;128
13791234-Lte;128
13791237-Lte;128
1379293-Wcdma;38
1379548-Wcdma;100
1379554-Wcdma;100
13796353-Lte;129
13796354-Lte;129
13796357-Lte;129
1379677-Wcdma;99
1379683-Wcdma;99
1379687-Wcdma;97-98
1379817-Wcdma;39
1379820-Wcdma;39
1379822-Wcdma;39
1379823-Wcdma;39
13798915-Lte;130
1379941-Wcdma;39
1379944-Wcdma;39
1379951-Wcdma;40
1379954-Wcdma;40
13801475-Lte;131
13809153-Lte;132
13809154-Lte;132
13809157-Lte;132
13811713-Lte;133
13811714-Lte;133
13821953-Lte;134
13821954-Lte;134
13824513-Lte;135
13824514-Lte;135
13834753-Lte;136
13834754-Lte;136
1389089-Lte;70
139116-Wcdma;102
139184-Wcdma;105
139354-Wcdma;102
139474-Wcdma;104
139476-Wcdma;104
139477-Wcdma;104
139480-Wcdma;104
139481-Wcdma;104
139484-Wcdma;102
139489-Wcdma;103
1394898-Wcdma;129
1394899-Wcdma;130
1394903-Wcdma;130
1394905-Wcdma;131
13949697-Lte;27
13949698-Lte;27
13949699-Lte;26
139503-Wcdma;106
139504-Wcdma;106
139507-Wcdma;106
139510-Wcdma;106
139926-Wcdma;43
139929-Wcdma;43
139959-Wcdma;44
139966-Wcdma;45
139967-Wcdma;45
139968-Wcdma;45
139969-Wcdma;45
1402407-Lte;22
1402655-Lte;96
1402662-Lte;96
1402911-Lte;15
1402918-Lte;15
1402919-Lte;15
1403174-Lte;20
1403175-Lte;20
1403423-Lte;19
1403430-Lte;19
1403431-Lte;19
1403679-Lte;18
1403686-Lte;18
1403935-Lte;17
1403942-Lte;17
1403943-Lte;17
1404966-Lte;50
1404967-Lte;50
1405215-Lte;12
1405222-Lte;12
1405471-Lte;14
1405478-Lte;14
1405479-Lte;14
1405734-Lte;13
1405735-Lte;13
14177025-Lte;1
14177026-Lte;1
1417759-Lte;105
1417760-Lte;105
14179329-Lte;12-13
14179330-Lte;12
14179332-Lte;12
14179333-Lte;12
14196482-Lte;98
1426711-Lte;1
1426721-Lte;1
1430667-Wcdma;130
1430668-Wcdma;136
1430669-Wcdma;131
1430688-Wcdma;129
1430689-Wcdma;130
1433098-Wcdma;100
1433099-Wcdma;100
1433227-Wcdma;39
1436745-Wcdma;39
1437080-Wcdma;98
14593-Lte;78
14594-Lte;78
1460353-Wcdma;119
1460354-Wcdma;119
1460355-Wcdma;120
1460359-Wcdma;120
1460365-Wcdma;122
1460370-Wcdma;122
146434-Lte;28
1464609-Lte;76
1464614-Lte;76
1464615-Lte;76
146689-Lte;92
146945-Lte;30
147201-Lte;31
147202-Lte;31
147457-Lte;32
147458-Lte;32
147713-Lte;33
1491743-Lte;13
1496106-Wcdma;119
1496107-Wcdma;119
1496108-Wcdma;120
1496128-Wcdma;121
1510182-Lte;23
1510183-Lte;23
15105-Lte;77
15106-Lte;77
1511514-Wcdma;1
1511517-Wcdma;1
1511839-Wcdma;88
1511845-Wcdma;88
1511849-Wcdma;87
1511855-Wcdma;87
1516639-Wcdma;1
1516645-Wcdma;1
1517929-Wcdma;86
1517935-Wcdma;86
1532447-Lte;84
1532448-Lte;84
1532960-Lte;38
15360-Lte;83
15361-Lte;83
1551910-Lte;111
1552166-Lte;112
1552167-Lte;112
1552421-Lte;114
1552422-Lte;114
1552423-Lte;113
1552677-Lte;115
1552678-Lte;115
1552679-Lte;116
1552933-Lte;116
1552934-Lte;117
1553189-Lte;118
1553190-Lte;118
1560870-Lte;27
1560871-Lte;27
1561126-Lte;26
1561382-Lte;25
1561639-Lte;24
1562150-Lte;10
1562406-Lte;9
1562662-Lte;8
1562663-Lte;8
1562919-Lte;7
1563174-Lte;6
1563430-Lte;5
1563679-Lte;27
1563935-Lte;26
1564191-Lte;25
1564447-Lte;24
1564703-Lte;23
1564959-Lte;10
1565215-Lte;9
1565727-Lte;7
1566239-Lte;5
1566721-Lte;13
1567007-Lte;25
1570591-Lte;25
1570847-Lte;24
1577235-Wcdma;19-5
1577236-Wcdma;5
1577241-Wcdma;5
1577242-Wcdma;5
1577245-Wcdma;4
1577247-Wcdma;4
1577252-Wcdma;3-4
1577253-Wcdma;4
1577625-Wcdma;112
1577627-Wcdma;110
15813377-Lte;80
15817729-Lte;81
1581927-Wcdma;84
1581932-Wcdma;84
1582025-Wcdma;3
1582031-Wcdma;3
1582107-Wcdma;83
1582113-Wcdma;83
1582165-Wcdma;2
1582171-Wcdma;2
1582201-Wcdma;109
1582616-Wcdma;84
158465-Lte;21
158724-Lte;24
1588535-Wcdma;82
1588541-Wcdma;79-82
1590575-Wcdma;80
1590745-Wcdma;81
1590750-Wcdma;81
1591575-Wcdma;85
1591577-Wcdma;85
1591580-Wcdma;85
159233-Lte;25
1625148-Lte;136
1625150-Lte;135
1625152-Lte;134
1625154-Lte;134
1625155-Lte;133
1625156-Lte;133
1625661-Lte;132
1625662-Lte;131
1625663-Lte;131
1625664-Lte;130
1625666-Lte;130
1625667-Lte;129
1626155-Lte;35
1626172-Lte;127
1626175-Lte;127
1626176-Lte;126
1626178-Lte;125
1626179-Lte;125
1626180-Lte;124
1626181-Lte;124
1626183-Lte;123
1626685-Lte;122
1626687-Lte;121
1626688-Lte;120
1626690-Lte;120
1626691-Lte;119
1626692-Lte;119
1627517-Wcdma;82
1627531-Wcdma;109
1628623-Wcdma;2
1629565-Wcdma;82
1629697-Wcdma;83
1629915-Wcdma;112
1629916-Wcdma;111
1629917-Wcdma;110
1631657-Wcdma;84
1631834-Wcdma;110
1631839-Wcdma;109
1632274-Wcdma;110
1633482-Wcdma;84
1636909-Wcdma;84
163841-Lte;23
164097-Lte;21-22
164459-Wcdma;82
1647720-Wcdma;128
1647721-Wcdma;128
1647722-Wcdma;127
1647723-Wcdma;128
1647725-Wcdma;127
1647726-Wcdma;127
1647727-Wcdma;126
1647728-Wcdma;126
1647729-Wcdma;127
1647730-Wcdma;126
1647731-Wcdma;126
1647732-Wcdma;125
1647733-Wcdma;125
1647734-Wcdma;124
1647735-Wcdma;125
1647736-Wcdma;125
1647737-Wcdma;123
1647738-Wcdma;124
1647739-Wcdma;123
1647740-Wcdma;123
1647741-Wcdma;124
1647742-Wcdma;123
1647743-Wcdma;123
1647744-Wcdma;122
1647745-Wcdma;122
1647746-Wcdma;121
1647748-Wcdma;122
1647749-Wcdma;121
1647750-Wcdma;121
1647751-Wcdma;120
1647752-Wcdma;120
1647753-Wcdma;121
1647754-Wcdma;120
1647755-Wcdma;120
1647756-Wcdma;119
1647757-Wcdma;119
1647758-Wcdma;119
1647759-Wcdma;119
1698734-Wcdma;28
1698737-Wcdma;28
1698739-Wcdma;92
1698740-Wcdma;92
1698742-Wcdma;92
1698743-Wcdma;92
1698745-Wcdma;30
1698746-Wcdma;30
1698748-Wcdma;30
1698749-Wcdma;30
1698750-Wcdma;31
1698751-Wcdma;31
1698752-Wcdma;31
1698753-Wcdma;31
1698755-Wcdma;31
1698756-Wcdma;32
1698757-Wcdma;32
1698760-Wcdma;32
1698761-Wcdma;32
1698763-Wcdma;33
1698764-Wcdma;33
1698766-Wcdma;33
1698767-Wcdma;33
1749506-Lte;108
1749507-Lte;108
1753-Gsm;76
1770870-Wcdma;66
1771830-Wcdma;64
1772183-Wcdma;68
1782491-Wcdma;74
1783298-Wcdma;64
1783300-Wcdma;64
1783459-Wcdma;76-77
1783460-Wcdma;77
1783509-Wcdma;66-67
1783511-Wcdma;67
1783679-Wcdma;75
1784133-Wcdma;65
1784134-Wcdma;65-66
1784135-Wcdma;66
1785918-Wcdma;64
1785919-Wcdma;64
1785920-Wcdma;64
1786693-Wcdma;74
1786733-Wcdma;66
1786735-Wcdma;67
1787266-Wcdma;75
1787407-Wcdma;76-77
1787408-Wcdma;77
1788076-Wcdma;65
1788077-Wcdma;66
1791159-Wcdma;76
1791160-Wcdma;76
1791162-Wcdma;76
1791163-Wcdma;76
1793024-Wcdma;74
1793026-Wcdma;74
1793027-Wcdma;74
1793029-Wcdma;74
1793031-Wcdma;64
1793032-Wcdma;74
1798889-Wcdma;76
1804415-Wcdma;68
1804417-Wcdma;68
1804420-Wcdma;68-69
1808795-Wcdma;68-69
1808798-Wcdma;68-69
1813922-Wcdma;76-77
1813923-Wcdma;77
1813971-Wcdma;74
1813986-Wcdma;66
1813988-Wcdma;67
1814207-Wcdma;75
1814574-Wcdma;65
1814575-Wcdma;65
1818403-Wcdma;75
1818406-Wcdma;75
1844588-Wcdma;78
1844595-Wcdma;78
1844596-Wcdma;49
1848030-Wcdma;76
1848032-Wcdma;76
1848642-Wcdma;77
1848645-Wcdma;77
1852-Gsm;60
187883-Wcdma;105
188074-Wcdma;106
1886443-Wcdma;86
1886446-Wcdma;86
188673-Lte;55
188929-Lte;56
1890264-Wcdma;78
1890935-Wcdma;76
1895800-Wcdma;76
1895802-Wcdma;77
1895819-Wcdma;77
1898502-Wcdma;49
1907885-Wcdma;52
1907891-Wcdma;52
1907905-Wcdma;54
1907911-Wcdma;54
1907915-Wcdma;55
1907921-Wcdma;55
1908517-Wcdma;116
191756-Wcdma;101
1919197-Wcdma;132
1919202-Wcdma;132
1919205-Wcdma;133
1919206-Wcdma;133
1919207-Wcdma;134
1919211-Wcdma;136
192940-Wcdma;112-41
192941-Wcdma;41
19402-Gsm;13-14
19403-Gsm;14
19404-Gsm;14
19410-Gsm;13
19411-Gsm;13
19412-Gsm;13
19414-Gsm;12
19415-Gsm;12
19416-Gsm;11-12
19417-Gsm;11
19478-Gsm;94
19479-Gsm;93-94
19480-Gsm;94-95
19481-Gsm;94-95
19482-Gsm;95
19483-Gsm;95-96
19545-Gsm;25
19546-Gsm;25-26
19547-Gsm;24-25
19548-Gsm;26
19549-Gsm;26
1954945-Wcdma;133
1954946-Wcdma;133
1954947-Wcdma;134
19550-Gsm;25
19551-Gsm;27
19552-Gsm;27
1956875-Wcdma;116
1956876-Wcdma;117
19581-Gsm;50
19582-Gsm;50
1958333-Wcdma;116
196007-Wcdma;101
20103-Gsm;58
201850880-Wcdma;1
20192-Gsm;104-61
20231-Gsm;40
204036-Lte;20
204037-Lte;118
20461-Gsm;83
205313-Lte;59
205577-Lte;73
205826-Lte;104
207618-Lte;105
209409-Lte;107
2101313-Wcdma;15-7
2101314-Wcdma;7
2101319-Wcdma;7
2101323-Wcdma;91
2101485-Wcdma;10
2101491-Wcdma;10-11
2101494-Wcdma;9
2101495-Wcdma;9
2101500-Wcdma;9
2101501-Wcdma;9
2101504-Wcdma;8
2101509-Wcdma;20
2101510-Wcdma;8
2101514-Wcdma;6
2101519-Wcdma;14-6
2101520-Wcdma;6
2101633-Wcdma;92
2101643-Wcdma;90
2101653-Wcdma;89
21190-Gsm;38
21372-Gsm;36
214530-Lte;74
214535-Lte;64
214536-Lte;74
214785-Lte;58
214786-Lte;58
215041-Lte;104
215042-Lte;104
215297-Lte;103
2158086-Wcdma;92
215809-Lte;106
215810-Lte;106
215811-Lte;106
216065-Lte;62
21623-Gsm;17
21625-Gsm;17
21626-Gsm;16
21628-Gsm;16
21629-Gsm;16
21630-Gsm;15
21631-Gsm;14-15
21632-Gsm;15
21638-Gsm;96
21639-Gsm;96
21662-Gsm;35
21663-Gsm;35
21664-Gsm;35
21695-Gsm;97-98
21696-Gsm;96-97
22091-Gsm;1-2
22130-Gsm;65
22262-Gsm;68
2237069-Wcdma;48
2237070-Wcdma;48
2237088-Wcdma;46
2237089-Wcdma;46
2237090-Wcdma;46
2237091-Wcdma;46
2237092-Wcdma;46
2237093-Wcdma;46
2237098-Wcdma;47
2237101-Wcdma;47
22429-Gsm;70
2243655-Wcdma;79
22483-Gsm;66
22526-Gsm;80
226306-Lte;48
226561-Lte;43
226817-Lte;46
226818-Lte;46
227073-Lte;47
227074-Lte;47
227329-Lte;44
227585-Lte;45
227586-Lte;45
22871-Gsm;53
23121-Gsm;38-40
23151-Gsm;57
23161857-Lte;115
23161859-Lte;114
23162112-Lte;116
23162880-Lte;118
23162881-Lte;20
23191-Gsm;71-72
231938-Lte;84
23254-Gsm;2
23262-Gsm;3
23294721-Lte;119
23294722-Lte;119
23294976-Lte;120
23295232-Lte;121
23295488-Lte;122
23295744-Lte;123
23296257-Lte;125
23296513-Lte;126
23296768-Lte;127
23297024-Lte;128
23297280-Lte;129
23297537-Lte;130
23297792-Lte;131
23298048-Lte;132
23298560-Lte;134
23298817-Lte;135
23299072-Lte;136
23384066-Lte;60
23390210-Lte;67
23395584-Lte;75
23405834-Lte;64
23424000-Lte;39
2360487-Wcdma;11-37
2360490-Wcdma;11-37
2360491-Wcdma;11
2360494-Wcdma;11
2360497-Wcdma;13
2360498-Wcdma;13-5
2360507-Wcdma;16-20
2360508-Wcdma;16-20
2360510-Wcdma;16
2360511-Wcdma;96
2360514-Wcdma;96
2360521-Wcdma;35
2360527-Wcdma;94
2360537-Wcdma;93-94
2360647-Wcdma;37
2360652-Wcdma;37
2360655-Wcdma;37
2360667-Wcdma;12
2360668-Wcdma;12
2360673-Wcdma;12
2360674-Wcdma;12
2360675-Wcdma;12
2360677-Wcdma;14-24
2360678-Wcdma;14
2360679-Wcdma;14
2360683-Wcdma;14
2360684-Wcdma;14
2360685-Wcdma;14
2360687-Wcdma;15
2360689-Wcdma;15
2360693-Wcdma;15-25
2360694-Wcdma;15
2360695-Wcdma;15
2360747-Wcdma;95-96
2361092-Wcdma;36
2361250-Wcdma;36
2361251-Wcdma;36-93
2361253-Wcdma;36
2361254-Wcdma;36
2361637-Wcdma;17-18
2361638-Wcdma;16-17
2361644-Wcdma;17
2361645-Wcdma;17
2362030-Wcdma;34
2362033-Wcdma;34
2362428-Wcdma;37
2362737-Wcdma;96-97
2362968-Wcdma;37
2362970-Wcdma;38
2363017-Wcdma;38
2363020-Wcdma;38
2363023-Wcdma;38
2365063-Wcdma;32
2365064-Wcdma;32
2365070-Wcdma;33
2365073-Wcdma;33
2365074-Wcdma;34
2367297-Wcdma;35
2367301-Wcdma;35
2377917-Wcdma;123
2377919-Wcdma;124
2377924-Wcdma;125
2377925-Wcdma;125
2377928-Wcdma;126
2377929-Wcdma;127
2377933-Wcdma;126-127
2377934-Wcdma;128
23823-Gsm;8
23825-Gsm;8
23826-Gsm;7-8
23827-Gsm;7-8
23828-Gsm;6-7
23829-Gsm;6-7
23831-Gsm;6
23832-Gsm;40
23835-Gsm;41
23837-Gsm;42
23838-Gsm;42
23839-Gsm;42
23842-Gsm;66-86
23844-Gsm;86-87
23845-Gsm;87
23846-Gsm;87-88
23848-Gsm;88
23849-Gsm;87-88
23854-Gsm;90
23855-Gsm;90
23856-Gsm;90
23858-Gsm;91
23859-Gsm;91
23860-Gsm;91
23880-Gsm;54
23881-Gsm;53
23882-Gsm;54
23884-Gsm;54-55
23886-Gsm;56
23887-Gsm;56
23888-Gsm;56
23889-Gsm;55
23891-Gsm;57
23892-Gsm;57
23893-Gsm;57
24069-Gsm;77
2413737-Wcdma;127
2413738-Wcdma;127-128
2413739-Wcdma;128
2413758-Wcdma;126
2413759-Wcdma;127
2413767-Wcdma;124
2413769-Wcdma;125
2413779-Wcdma;125
2413787-Wcdma;123
2413788-Wcdma;123
2413789-Wcdma;124
2416118-Wcdma;37
2420140-Wcdma;96-97
2420160-Wcdma;95
2420180-Wcdma;94
2420210-Wcdma;92-93
2421408-Wcdma;36
2421409-Wcdma;36
2421528-Wcdma;36
2421672-Wcdma;37
2422489-Wcdma;96
24271-Gsm;60
24333-Gsm;59
2438025-Wcdma;68
2438030-Wcdma;69
2438089-Wcdma;72
2438163-Wcdma;66
2438230-Wcdma;68
2438253-Wcdma;65
2438255-Wcdma;65
2438393-Wcdma;66
2438395-Wcdma;66
2438398-Wcdma;66
2438443-Wcdma;71
2438449-Wcdma;71
2438783-Wcdma;69
2438784-Wcdma;69
2438786-Wcdma;69
2439683-Wcdma;69
2439686-Wcdma;69
2442406-Wcdma;65
2442416-Wcdma;65
2442426-Wcdma;68
2442496-Wcdma;69
2442536-Wcdma;67
24513-Gsm;75
245249-Lte;49
245250-Lte;49
245253-Lte;78
2453966-Wcdma;70
2453976-Wcdma;70
24591-Gsm;103
24615-Gsm;23
24616-Gsm;23
24617-Gsm;22-23
24620-Gsm;22-23
24621-Gsm;22
24622-Gsm;22
24625-Gsm;21
24626-Gsm;21
24627-Gsm;21
24631-Gsm;20
24632-Gsm;20
24635-Gsm;19
24636-Gsm;19
24637-Gsm;18-19
24640-Gsm;18
24642-Gsm;18
24653-Gsm;42-43
24654-Gsm;43-44
24655-Gsm;44
24656-Gsm;44
24657-Gsm;44-45
24658-Gsm;45
24659-Gsm;45
24660-Gsm;45
24662-Gsm;45
24663-Gsm;46-47
24664-Gsm;47
24665-Gsm;47
24666-Gsm;47
24667-Gsm;48
24668-Gsm;48
24669-Gsm;48
24670-Gsm;49
24671-Gsm;49
24762-Gsm;73
2481564-Wcdma;67
2481945-Wcdma;67
2485101-Wcdma;65
2485181-Wcdma;66
24853-Wcdma;109
24854-Wcdma;25
2485401-Wcdma;67
24856-Wcdma;37
2488520-Wcdma;70
25151-Gsm;63
25152-Gsm;64
25512-Gsm;58
25531-Gsm;32
25532-Gsm;32
25533-Gsm;32-33
25535-Gsm;30-31
25536-Gsm;30-31
25538-Gsm;30
25539-Gsm;30
25541-Gsm;92
25542-Gsm;92
25543-Gsm;28
25592-Gsm;102
25859-Lte;36
25861-Gsm;66
26151-Gsm;1
26192-Gsm;37
26351-Gsm;82
26551-Gsm;61
26582-Gsm;38
26743-Gsm;105
2682233-Wcdma;27
2682234-Wcdma;27
2682236-Wcdma;18-27
2682237-Wcdma;27
26882-Gsm;76
26883-Gsm;76
26902-Gsm;64-65
271361-Lte;86
28042-Gsm;59-60
29083-Gsm;74
29131-Gsm;61
29132-Gsm;61
2952747-Wcdma;22
2952755-Wcdma;96-97
2952757-Wcdma;96
2952761-Wcdma;20
2952762-Wcdma;20
2952764-Wcdma;20
2952765-Wcdma;20
2952766-Wcdma;18
2952769-Wcdma;18
2952771-Wcdma;18
2952772-Wcdma;19
2952775-Wcdma;19
2952777-Wcdma;19
2952781-Wcdma;17
2952785-Wcdma;21
2952786-Wcdma;21
2952787-Wcdma;21
2952789-Wcdma;21
2952791-Wcdma;50
2952792-Wcdma;50-51
2952794-Wcdma;50-51
2952795-Wcdma;50-51
29680-Gsm;53
2969071-Wcdma;24
2969073-Wcdma;24
2969075-Wcdma;23
2969077-Wcdma;22
2969078-Wcdma;21-22
2969084-Wcdma;21
2969085-Wcdma;20
2969088-Wcdma;19
2969091-Wcdma;18
2969092-Wcdma;17
2969094-Wcdma;17
2969095-Wcdma;16
2969097-Wcdma;16
2969098-Wcdma;16
2969099-Wcdma;15
2969100-Wcdma;15
2971668-Wcdma;21
2971669-Wcdma;50
2971670-Wcdma;50
2971671-Wcdma;21
2971672-Wcdma;50
2971673-Wcdma;50
2983816-Wcdma;96
2983817-Wcdma;96
2983818-Wcdma;96
2999755-Wcdma;96
3001458-Wcdma;97
3001460-Wcdma;97
3001461-Wcdma;97
3001463-Wcdma;97
30025-Gsm;69
30026-Gsm;66-69
30054-Gsm;70
3008598-Wcdma;98
3008600-Wcdma;98
3008602-Wcdma;98
3008603-Wcdma;98
3008604-Wcdma;98
3008606-Wcdma;99
3008607-Wcdma;99
3008608-Wcdma;99
3008610-Wcdma;99
3008612-Wcdma;99
3009326-Wcdma;18
3009332-Wcdma;20
3009339-Wcdma;23
3009340-Wcdma;23
3009342-Wcdma;24
3009649-Wcdma;16
3009652-Wcdma;15
3009653-Wcdma;15
30210-Lte;36
30214-Gsm;70
30215-Gsm;71
30354-Gsm;66
30355-Gsm;67
30465-Lte;11
307244-Wcdma;18-19
307245-Wcdma;19-50
307246-Wcdma;50
3073537-Lte;61
3073540-Lte;61
3073543-Lte;61
3083779-Lte;82
3083786-Wcdma;104
3084907-Wcdma;61
3084909-Wcdma;61
3084910-Wcdma;61
3084911-Wcdma;61
3087663-Wcdma;105
3088032-Wcdma;114
3088033-Wcdma;113
3088041-Wcdma;110
3088042-Wcdma;109
3088043-Wcdma;109
3088045-Wcdma;111
3088046-Wcdma;110
3088047-Wcdma;113
3088048-Wcdma;112
3088049-Wcdma;112
3088050-Wcdma;114
3088051-Wcdma;114
3088052-Wcdma;113
3088053-Wcdma;115
3088055-Wcdma;116
3088057-Wcdma;117
3088059-Wcdma;118
3088060-Wcdma;118
3089495-Wcdma;133
3089496-Wcdma;132
3089497-Wcdma;131
3089498-Wcdma;133
3089499-Wcdma;132
3089500-Wcdma;131
3089504-Wcdma;130
3089506-Wcdma;130
3089507-Wcdma;129
3089508-Wcdma;129
3089509-Wcdma;130
3089510-Wcdma;129
3089511-Wcdma;129
3092831-Wcdma;100
3092894-Wcdma;73
3093570-Wcdma;59
3093704-Wcdma;60
3094376-Wcdma;60
3094378-Wcdma;60
3094906-Wcdma;106
3096281-Wcdma;103
3096282-Wcdma;103
3096365-Wcdma;102
3096371-Wcdma;101
3096628-Wcdma;102
3096637-Wcdma;106
3096753-Wcdma;101
3096800-Wcdma;102
3096801-Wcdma;101
3096842-Wcdma;61
3097484-Wcdma;60
3097548-Wcdma;103-104
3097549-Wcdma;103
30977-Lte;16
3097796-Wcdma;58
30978-Lte;16
3097863-Wcdma;102
3097864-Wcdma;104
3097924-Wcdma;106
3098428-Wcdma;106
3098771-Wcdma;60
3098773-Wcdma;60
3099657-Wcdma;104
3099658-Wcdma;104
3099660-Wcdma;104
3099661-Wcdma;104
3102752-Wcdma;58
3102753-Wcdma;58
3103703-Wcdma;105
3103704-Wcdma;105
3103707-Wcdma;105
3103709-Wcdma;105
3103713-Wcdma;105
3106918-Wcdma;103
3106919-Wcdma;103-104
3106920-Wcdma;102-103
3106921-Wcdma;103-104
3109974-Wcdma;60
3110301-Wcdma;104
3110390-Wcdma;106
3110806-Wcdma;60
3110807-Wcdma;103
3110992-Wcdma;58
3111820-Wcdma;62-73
3111823-Wcdma;62-73
3111824-Wcdma;62
3113340-Wcdma;73
3113345-Wcdma;73
31234-Lte;35
31236-Lte;35
3124622-Wcdma;103
3124966-Wcdma;106
3125029-Wcdma;105
3125050-Wcdma;106
3125079-Wcdma;100
3125212-Wcdma;60
3125506-Lte;2
3129958-Wcdma;102
3129961-Wcdma;102
3132544-Wcdma;59
3132545-Wcdma;59
3135775-Wcdma;59
3136648-Wcdma;107
3136649-Wcdma;107
3136650-Wcdma;107
3136651-Wcdma;107
3136652-Wcdma;107
3136653-Wcdma;107
3136654-Wcdma;63
3136655-Wcdma;108
3136656-Wcdma;108
3136658-Wcdma;108
3136659-Wcdma;108
3136660-Wcdma;63
3136662-Wcdma;63
3139687-Wcdma;100
3139690-Wcdma;100
3140865-Lte;50
3140866-Lte;50
3142402-Lte;51
31425-Gsm;27
3143937-Lte;52
3143938-Lte;52
3145473-Lte;53
3145474-Lte;53
3145477-Lte;53
3148289-Lte;54
3148290-Lte;54
31489-Lte;94
3149825-Lte;55
3149826-Lte;55
3149828-Lte;55
3150849-Lte;56
3151583-Wcdma;58
3152641-Lte;57
3152642-Lte;57
3152644-Lte;57
3152897-Lte;72
3154689-Lte;108
3154690-Lte;108
3155015-Wcdma;136
3155017-Wcdma;135
3155018-Wcdma;136
3155020-Wcdma;135
3155022-Wcdma;134
3155024-Wcdma;134
3155026-Wcdma;133
3155027-Wcdma;133
3155029-Wcdma;132-133
3155030-Wcdma;133
3157761-Lte;62-73
3157762-Lte;62
3157764-Lte;73
3157765-Lte;62
31604-Gsm;106
3164161-Lte;32
3164162-Lte;32
3165953-Lte;31
3165954-Lte;31
3168264-Wcdma;51
3168265-Wcdma;51
3168266-Wcdma;51
3168267-Wcdma;51
3168269-Wcdma;57
3168270-Wcdma;56
3168271-Wcdma;57
3168273-Wcdma;57
3168274-Wcdma;56
3168275-Wcdma;57
3168291-Wcdma;56
3168292-Wcdma;56
3168294-Wcdma;56
3168295-Wcdma;56
3168296-Wcdma;56
3168300-Wcdma;55
3168302-Wcdma;55
3168303-Wcdma;55
3168304-Wcdma;53
3168305-Wcdma;53
3168307-Wcdma;53
3168308-Wcdma;53
3169728-Wcdma;53
3169731-Wcdma;50
3169739-Wcdma;50
3170307-Lte;65
3170313-Lte;65
3171294-Wcdma;52
3171296-Wcdma;52
3171298-Wcdma;52
3171299-Wcdma;52
3171300-Wcdma;52
3171302-Wcdma;51
31745-Lte;93
3177350-Wcdma;54
3177353-Wcdma;54
3177354-Wcdma;54
3177355-Wcdma;54
3206509-Wcdma;25
3206510-Wcdma;25
3206512-Wcdma;25
3206513-Wcdma;25
3206514-Wcdma;25
3206515-Wcdma;26
3206516-Wcdma;26
3206518-Wcdma;26
3206519-Wcdma;26
3215105-Lte;102
3215107-Lte;101
3215111-Lte;101
3221251-Lte;39
3221761-Lte;107
3221762-Lte;107
3239683-Lte;61
3244545-Lte;105
3244546-Lte;105
3244547-Lte;104
3244552-Lte;105
3244803-Lte;39
3248131-Lte;77
3248134-Lte;76
3288577-Lte;21
3288578-Lte;21
3288579-Lte;22
3289089-Lte;8
3289090-Lte;8
3289345-Lte;17
3292161-Lte;16
3292162-Lte;16
3294977-Lte;19
3294978-Lte;19
3294979-Lte;18
329730-Lte;61
3305730-Lte;61
33074-Gsm;60
33076-Gsm;106-61
33085-Gsm;60-61
33086-Gsm;61
33134-Gsm;64
33234-Gsm;65
33244-Gsm;65-66
33245-Gsm;66
33325-Gsm;68-69
33326-Gsm;67
333313-Lte;76
33354-Gsm;65-66
33384-Gsm;77
33384-Wcdma;21
33385-Wcdma;21
33386-Gsm;77
33386-Wcdma;19
33388-Wcdma;20-74
33391-Wcdma;18
33394-Gsm;64
33416-Gsm;58
33685529-Wcdma;66
33816600-Wcdma;106
33816602-Wcdma;3-40
33816603-Wcdma;69-71
33824-Gsm;69
33826-Gsm;70
33834-Gsm;75
33916-Gsm;73
33944-Gsm;65-66
34065-Gsm;78
34066-Gsm;78
34074-Gsm;75-76
34076-Gsm;76-77
34078745-Wcdma;87
341000-Lte;75
34104-Gsm;103-104
34105-Gsm;103-104
34106-Gsm;104
34174-Gsm;101-102
34175-Gsm;102
34204-Gsm;104-105
34205-Gsm;106
34214-Gsm;44
34215-Gsm;45
34274-Gsm;101-39
34275-Gsm;102
34305-Gsm;102
34375-Gsm;77
34385-Gsm;75
34386-Gsm;75
34404-Gsm;82
34406-Gsm;82
34562-Lte;37
347137-Lte;66
348447-Wcdma;18
348930-Lte;77
35024-Gsm;60
35025-Gsm;106-60
35073-Lte;12
35074-Lte;11-12
35124-Gsm;58-59
35125-Gsm;59
35329-Lte;14
35330-Lte;14
35331-Lte;14
35344-Gsm;57
35445-Gsm;58
35504-Gsm;82-83
35506-Gsm;82
35585-Lte;15
3586819-Lte;100
3586825-Lte;100
3600131-Lte;103
3602178-Lte;77
36165-Gsm;84
36186-Gsm;83
36204-Gsm;1
36205-Gsm;2
36206-Gsm;1
36264-Gsm;39
36312325-Wcdma;3
36312326-Wcdma;3
36312328-Wcdma;3
36312329-Wcdma;3
36313517-Wcdma;84
36314076-Wcdma;36
36314079-Wcdma;36
36318485-Wcdma;75
36318488-Wcdma;75
36318646-Wcdma;78
36318647-Wcdma;78
36318650-Wcdma;78
36319285-Wcdma;28
36319289-Wcdma;31
36322107-Wcdma;38
36322110-Wcdma;38
36322785-Wcdma;109
36322805-Wcdma;111
36322808-Wcdma;111
36322815-Wcdma;110
36323305-Wcdma;83
36323306-Wcdma;83
36323307-Wcdma;83
36323309-Wcdma;83
36323310-Wcdma;83
36324425-Wcdma;38
36324427-Wcdma;9
36324457-Wcdma;2
36324476-Wcdma;39
36324477-Wcdma;39
36324478-Wcdma;39
36324479-Wcdma;39
36324480-Wcdma;39
36333980-Wcdma;66
36335797-Wcdma;91
36335798-Wcdma;92
36336895-Wcdma;39
36336896-Wcdma;39
36336898-Wcdma;39
36336899-Wcdma;39
36337565-Wcdma;12
36337688-Wcdma;81
36337689-Wcdma;80
36337695-Wcdma;95
36337697-Wcdma;97
36337698-Wcdma;95
36337700-Wcdma;97
36337705-Wcdma;98
36337706-Wcdma;99
36337707-Wcdma;98
36337727-Wcdma;86
36337730-Wcdma;88
36337788-Wcdma;46
36337789-Wcdma;47
36337790-Wcdma;48
36337798-Wcdma;49
36337827-Wcdma;35
36337829-Wcdma;36
36337830-Wcdma;37
36337836-Wcdma;34
36337837-Wcdma;35
36337839-Wcdma;36
36337840-Wcdma;37
36337845-Wcdma;28
36337847-Wcdma;92
36337848-Wcdma;30
36337895-Wcdma;12
36337896-Wcdma;13
36337897-Wcdma;14
36337898-Wcdma;15
36337899-Wcdma;16
36337907-Wcdma;13-8
36337908-Wcdma;9
36337909-Wcdma;10
36337910-Wcdma;12
36337915-Wcdma;6
36337916-Wcdma;7
36337917-Wcdma;13-8
36337918-Wcdma;9
36337919-Wcdma;10
36337920-Wcdma;11
36337935-Wcdma;1
36337936-Wcdma;2
36337937-Wcdma;3
36337938-Wcdma;4
36337939-Wcdma;5
36342786-Wcdma;17
36344595-Wcdma;82
36344596-Wcdma;82
36344600-Wcdma;82
36344825-Wcdma;89
36344826-Wcdma;90
36344827-Wcdma;91
36344828-Wcdma;92
36344829-Wcdma;93
36344830-Wcdma;94
36344832-Wcdma;93
36344833-Wcdma;94
36346256-Wcdma;36
36346259-Wcdma;36
36352045-Wcdma;120
36352048-Wcdma;120
36352055-Wcdma;121
36352065-Wcdma;124
36352068-Wcdma;124
36352078-Wcdma;122
36352085-Wcdma;123
36352088-Wcdma;123
36352096-Wcdma;125
36352097-Wcdma;124
36352099-Wcdma;125
36352166-Wcdma;119
36352167-Wcdma;119
36352169-Wcdma;119
36352170-Wcdma;119
36352175-Wcdma;129
36352178-Wcdma;129
36353579-Wcdma;125-126
36353588-Wcdma;127
36353609-Wcdma;130
36356205-Wcdma;1
36356206-Wcdma;2
36356207-Wcdma;3
36356208-Wcdma;4
36356209-Wcdma;5
36376362-Wcdma;24
36376364-Wcdma;25
36376366-Wcdma;27
36384901-Wcdma;23
36384902-Wcdma;24
36384904-Wcdma;25
36384905-Wcdma;26
36384906-Wcdma;27
36386181-Wcdma;118
36386182-Wcdma;20
36386184-Wcdma;118
36386185-Wcdma;20
36387541-Wcdma;117
36387545-Wcdma;116
36403291-Wcdma;54
36403292-Wcdma;55
36403293-Wcdma;56
36403295-Wcdma;59
36403304-Wcdma;57
36403311-Wcdma;50
36403313-Wcdma;52
36403314-Wcdma;53
36403315-Wcdma;50
36403412-Wcdma;18
36403413-Wcdma;19
36403414-Wcdma;20
36403416-Wcdma;22
36403421-Wcdma;17
36403422-Wcdma;18
36403423-Wcdma;19
36403424-Wcdma;20
36403425-Wcdma;21
36403426-Wcdma;22
36417732-Wcdma;135
36417735-Wcdma;135
36417741-Wcdma;136
36417744-Wcdma;136
36419171-Wcdma;134
36419174-Wcdma;134
36507644-Wcdma;58
36507647-Wcdma;58
36508743-Wcdma;65
36508746-Wcdma;65
36509507-Wcdma;68
36510354-Wcdma;70
36510356-Wcdma;70
36510357-Wcdma;70
36510358-Wcdma;70
36510664-Wcdma;73
36510667-Wcdma;73
36513164-Wcdma;61
36513165-Wcdma;61
36513166-Wcdma;61
36513167-Wcdma;61
36513168-Wcdma;61
36513203-Wcdma;64
36513204-Wcdma;64
36513206-Wcdma;64
36517993-Wcdma;112-113
36517996-Wcdma;112
36518073-Wcdma;114
36518076-Wcdma;114
36518453-Wcdma;106
36518454-Wcdma;106
36518455-Wcdma;106
36518573-Wcdma;116
36518576-Wcdma;116
36518593-Wcdma;113
36518634-Wcdma;115
36518637-Wcdma;115
36518923-Wcdma;74
36518924-Wcdma;74
36518925-Wcdma;74
36518926-Wcdma;74
36518928-Wcdma;74
36518934-Wcdma;77
36518935-Wcdma;77
36518937-Wcdma;77
36520186-Wcdma;75
36520283-Wcdma;66
36520284-Wcdma;66
36520285-Wcdma;66
36520286-Wcdma;66
36520288-Wcdma;66
36520366-Wcdma;69
36520367-Wcdma;69
36520368-Wcdma;69
36520633-Wcdma;40
36520634-Wcdma;40
36520635-Wcdma;40
36520636-Wcdma;40
36525045-Wcdma;58
36525048-Wcdma;58
36527389-Wcdma;105
36534274-Wcdma;75
36534275-Wcdma;76
36534277-Wcdma;75
36534278-Wcdma;76
36534283-Wcdma;77
36534284-Wcdma;78
36534286-Wcdma;77
36534287-Wcdma;78
36534347-Wcdma;72
36534356-Wcdma;62
36534357-Wcdma;63
36534358-Wcdma;107
36534360-Wcdma;108
36534414-Wcdma;41
36534416-Wcdma;43
36534418-Wcdma;45
36534425-Wcdma;42
36534427-Wcdma;44
36534428-Wcdma;45
36535675-Wcdma;105
36536034-Wcdma;102
36536035-Wcdma;102
36536038-Wcdma;102
36536043-Wcdma;101
36536044-Wcdma;101
36536045-Wcdma;101
36536046-Wcdma;101
36536053-Wcdma;103
36536063-Wcdma;104
36536064-Wcdma;104
36536066-Wcdma;104
36536067-Wcdma;104
36537165-Wcdma;75
36537168-Wcdma;75
36539024-Wcdma;68
36539915-Wcdma;67
36539918-Wcdma;67
36543708-Wcdma;66
36544765-Wcdma;60
36544768-Wcdma;60
36548793-Wcdma;131
36548796-Wcdma;131
36550226-Wcdma;132
36562595-Wcdma;76
36562598-Wcdma;76
36564374-Wcdma;100
36564377-Wcdma;100
36564378-Wcdma;100
36564555-Wcdma;58
36565055-Wcdma;59
36565056-Wcdma;58-59
36565058-Wcdma;59
36754-Gsm;84
36764-Gsm;109
3677697-Lte;59
3677699-Lte;59
3677702-Lte;59
3679235-Lte;106
36836-Gsm;73
36925-Gsm;42
3710465-Lte;89
3710466-Lte;89
3710721-Lte;88
3710724-Lte;88
3710977-Lte;86
3710980-Lte;86
37121-Lte;95
37165-Gsm;67
3721729-Lte;102
3721733-Lte;103
37615-Gsm;58
37914-Gsm;69
3801088-Lte;82
3801089-Lte;82
3801090-Lte;82
38025-Gsm;36
38026-Gsm;36
3803649-Lte;85
3803650-Lte;85
3803906-Lte;81
3803909-Lte;81
3804161-Lte;80
3804417-Lte;79
3804418-Lte;79
38074-Gsm;38
38075-Gsm;38-39
38076-Gsm;38
38114-Gsm;40
38235-Gsm;60
3825671-Lte;60
38265-Gsm;39
38266-Gsm;39
38273104-Wcdma;94
38435-Gsm;38
38445-Gsm;36
3846401-Lte;78
38465-Gsm;100
38490970-Wcdma;104
38506-Gsm;9
38514-Gsm;39
38524-Gsm;39
3862530-Lte;76
3868161-Lte;58
3871747-Lte;105
3872-Wcdma;91
3876610-Lte;58
3877377-Lte;100
38835-Gsm;36
3883776-Lte;58
3887104-Lte;65
3899137-Lte;68
3909632-Lte;1
3909633-Lte;2
3909635-Lte;4
3909636-Lte;5
3909889-Lte;7
3909890-Lte;8
3909891-Lte;9
3909892-Lte;10
3909893-Lte;11-12
3910144-Lte;12
3910145-Lte;13
3910146-Lte;14
3910147-Lte;15-16
3910148-Lte;16
3910400-Lte;17
3910401-Lte;18
3910402-Lte;19
3910403-Lte;20
3910404-Lte;21
3910405-Lte;22
3910656-Lte;23
3910657-Lte;24
3910659-Lte;25
3910661-Lte;27
3910912-Lte;28
3910914-Lte;92
3910916-Lte;31
3910917-Lte;32
3911169-Lte;34
3911170-Lte;35
3911172-Lte;36
3911173-Lte;37
3911425-Lte;41
3911426-Lte;42
3911428-Lte;44
3911680-Lte;46
3911681-Lte;47
3911682-Lte;48
3911683-Lte;49
3911936-Lte;50
3911937-Lte;51
3911939-Lte;53
3912192-Lte;54
3912193-Lte;55
3912194-Lte;56
3912195-Lte;57
3912196-Lte;59
3912448-Lte;62
3912449-Lte;63
3912450-Lte;107
3912451-Lte;108
3912704-Lte;71
3912705-Lte;72
3912960-Lte;85
3912962-Lte;86
3912965-Lte;88
3913216-Lte;89
3913218-Lte;91
3913219-Lte;92
3913220-Lte;93
3913221-Lte;94
3913472-Lte;95
3913473-Lte;96
3913474-Lte;97
3913476-Lte;99
3913728-Lte;81
3913729-Lte;80
3913730-Lte;79
3913985-Lte;75
3913986-Lte;76
3913987-Lte;77
3913988-Lte;78
3932162-Lte;92
3932163-Lte;92
3932418-Lte;28
39334-Gsm;91
39354-Gsm;85
3937281-Lte;2
3937282-Lte;2
3937284-Lte;2
3937537-Lte;3
3937538-Lte;3
3937539-Lte;3
3937540-Lte;3
3937541-Lte;3
3937793-Lte;4
3937794-Lte;4
3937797-Lte;4
3938049-Lte;5
3938052-Lte;5
3938305-Lte;6
3938306-Lte;6
3938562-Lte;7
3938817-Lte;9
3938818-Lte;8-9
3940097-Lte;18
3940098-Lte;18
3940099-Lte;17
3940353-Lte;20
3940354-Lte;20
3940609-Lte;22
3940610-Lte;22
3940865-Lte;23
3940866-Lte;23
3941121-Lte;24
3941122-Lte;24
3951361-Lte;34
3951362-Lte;34
3951363-Lte;35
3951617-Lte;35
3951619-Lte;35
3951873-Lte;40
3951874-Lte;40
3952385-Lte;42
3952386-Lte;42
3952641-Lte;43
3952642-Lte;43
3952897-Lte;44
3952898-Lte;44
3953153-Lte;45
3953154-Lte;45
3953409-Lte;46
3953410-Lte;46
3953665-Lte;47
3953666-Lte;47
3953921-Lte;48
3953922-Lte;48
3955713-Lte;95
3955714-Lte;95
3955969-Lte;96
3955970-Lte;96
3955971-Lte;96
3956225-Lte;97
3956226-Lte;97
3956737-Lte;99
3956738-Lte;99
3956995-Lte;38
3956998-Lte;38
40111-Gsm;100
4023813-Lte;39
4025602-Lte;36
4029954-Lte;100
4029955-Lte;100
4029958-Lte;100
4030978-Lte;104
40461-Gsm;39
4065027-Lte;106
40712-Gsm;76-77
4080386-Lte;66
40951-Gsm;66
409647-Wcdma;50
4100608-Lte;38
4127744-Lte;74
4127746-Lte;74
4136193-Lte;39
4155137-Lte;84
4155138-Lte;84
4166915-Lte;112
4167680-Lte;64
4167681-Lte;64
4167682-Lte;64
4209666-Lte;67
4269057-Lte;61
4269058-Lte;61
4299522-Lte;102
43843-Gsm;69
4386560-Lte;69
4386561-Lte;69
4386562-Lte;69
4403712-Lte;104
4403713-Lte;104
4406273-Lte;73
4407040-Lte;103
4407042-Lte;103
4438786-Lte;66
4468226-Lte;75
44931-Gsm;90
44932-Gsm;90-91
44941-Gsm;87-89
449793-Lte;65
450049-Lte;65
4502016-Lte;91
4502786-Lte;36
450305-Lte;68
4503552-Lte;40
4503562-Lte;40
4504064-Lte;101
450817-Lte;84
451073-Lte;84
451329-Lte;82
452097-Lte;69
452609-Lte;83
452865-Lte;67
453121-Lte;67
45381-Gsm;102
4682242-Lte;37
475137-Lte;119
475143-Lte;119
475144-Lte;119
475145-Lte;120
475148-Lte;121
476680-Lte;123
476684-Lte;125
476685-Lte;126
476687-Lte;126
476690-Lte;127-128
477192-Lte;129
477194-Lte;130
477196-Lte;131
477198-Lte;132
477703-Lte;133
477706-Lte;134-135
477707-Lte;135
477709-Lte;136
477710-Lte;136
48581-Gsm;85
49442-Gsm;105
49922-Lte;36
50251-Gsm;78
50686-Gsm;107
50687-Gsm;107
50689-Gsm;108
50690-Gsm;108
50691-Gsm;62-63
52383-Gsm;62-73
52384-Gsm;62
52385-Gsm;62
52386-Gsm;71
52387-Gsm;71
52388-Gsm;71-72
52389-Gsm;72
52391-Gsm;72
53002-Gsm;51
53199-Gsm;60
53213-Gsm;58
5342722-Lte;38
53488-Gsm;51
53490-Gsm;51-52
53492-Gsm;52
53493-Gsm;52
53494-Gsm;51
53495-Gsm;53
53496-Gsm;53
53601-Gsm;30
53611-Gsm;28
54341-Gsm;33
54351-Gsm;34
54361-Gsm;35
54421-Gsm;5-6
54422-Gsm;5
54423-Gsm;4-5
54424-Gsm;4
54425-Gsm;4-5
54426-Gsm;4
54427-Gsm;3
54428-Gsm;3
54430-Gsm;2
54433-Gsm;1
54573-Gsm;38
55037-Gsm;104
55039-Gsm;106
55045-Gsm;106
55056-Gsm;61
55057-Gsm;106
55123-Gsm;60
55141-Gsm;102
55146-Gsm;58
55235-Gsm;100
55237-Gsm;101-103
55248-Gsm;105
55292-Gsm;64
55476-Gsm;73
55589-Gsm;58
56516-Gsm;79
56517-Gsm;79
56534-Gsm;80-81
56535-Gsm;81
56537-Gsm;85
56539-Gsm;86
57252-Gsm;36-93
57422-Gsm;100
57423-Gsm;100
58425-Gsm;11
58426-Gsm;11
58427-Gsm;11
58428-Gsm;11
58429-Gsm;10
58430-Gsm;10
58431-Gsm;10-9
58432-Gsm;10-9
58433-Gsm;9
58434-Gsm;8-9
58439-Gsm;37
58440-Gsm;37
58441-Gsm;36
58442-Gsm;36
58446-Gsm;38
58447-Gsm;38
58448-Gsm;39
58449-Gsm;39
58482-Gsm;92
58484-Gsm;92
58485-Gsm;91
58486-Gsm;93-94
58487-Gsm;93
58488-Gsm;93
59263-Gsm;58
59470-Gsm;97-98
59471-Gsm;98
59472-Gsm;98
59474-Gsm;99
59475-Gsm;99
59476-Gsm;99
59905-Lte;17
59906-Lte;16
60161-Lte;18
60284-Gsm;3-4
60324-Gsm;15-16
60417-Lte;19
60418-Lte;19
60419-Lte;19
60424-Gsm;41
60434-Gsm;34-35
60673-Lte;20
60674-Lte;20
60675-Lte;20
610-Gsm;17-18
620-Gsm;17-18
6269441-Lte;25
6269442-Lte;25
6353922-Lte;87
6353923-Lte;87
6353926-Lte;87
659041-Wcdma;11
659046-Wcdma;12
659062-Wcdma;13
659065-Wcdma;13
662270-Wcdma;38
662273-Wcdma;38
6627840-Lte;109
6630400-Lte;110
6632960-Lte;111
668968-Wcdma;36
672467-Wcdma;36
67887-Wcdma;11-18
67888-Wcdma;18
67889-Wcdma;18
67893-Wcdma;11-18
67894-Wcdma;18
67895-Wcdma;18-9
67897-Wcdma;19-23
67898-Wcdma;19
67904-Wcdma;19
67905-Wcdma;19
67907-Wcdma;16
67908-Wcdma;20
67909-Wcdma;20
67913-Wcdma;20
67915-Wcdma;20
687909-Wcdma;36
688666-Wcdma;14
688667-Wcdma;14
688668-Wcdma;14
688669-Wcdma;13
688671-Wcdma;13
688672-Wcdma;13
688673-Wcdma;12
688674-Wcdma;12
688675-Wcdma;12
688676-Wcdma;12
688677-Wcdma;11
688678-Wcdma;11
688679-Wcdma;11
688680-Wcdma;11
6892-Gsm;74
689683-Wcdma;38
69889-Lte;34
706824-Wcdma;92
706826-Wcdma;92
706827-Wcdma;93
706828-Wcdma;93
706829-Wcdma;93
706830-Wcdma;94
706832-Wcdma;94
706833-Wcdma;95
706834-Wcdma;95
706839-Wcdma;92
706841-Wcdma;92
706842-Wcdma;93
706843-Wcdma;93
706844-Wcdma;93
706845-Wcdma;94
706847-Wcdma;94
706848-Wcdma;95
706849-Wcdma;95
706850-Wcdma;95
715728-Wcdma;34
715729-Wcdma;34
715730-Wcdma;34
715731-Wcdma;34
715732-Wcdma;33-34
715734-Wcdma;35
715735-Wcdma;35
715736-Wcdma;35
715737-Wcdma;35
715738-Wcdma;35
715739-Wcdma;35
715741-Wcdma;36
715742-Wcdma;36
715745-Wcdma;36
715747-Wcdma;37
715748-Wcdma;37
715750-Wcdma;37
715751-Wcdma;37
715755-Wcdma;38
715756-Wcdma;38
715895-Wcdma;14
715898-Wcdma;13
715899-Wcdma;13
715902-Wcdma;12
715903-Wcdma;12
715905-Wcdma;12
715906-Wcdma;11
715907-Wcdma;11
715908-Wcdma;11
745729-Lte;70
745985-Lte;70
78337-Lte;40
78338-Lte;40
7949825-Lte;60
79874-Lte;102
80898-Lte;41
80899-Lte;41
8196098-Lte;65
84225-Lte;100
84226-Lte;100
8458-Gsm;36
8477-Gsm;60
8491-Gsm;77
8513-Gsm;83
8514-Gsm;66
8515-Gsm;68
8516-Gsm;68
8622-Gsm;104
8627-Gsm;78
8655-Gsm;58
86583086-Wcdma;25
86583096-Wcdma;27
86583116-Wcdma;25
86617958-Wcdma;24
86617959-Wcdma;22-23
86617962-Wcdma;23
86649102-Wcdma;28
86649112-Wcdma;92
86653102-Wcdma;85
86653122-Wcdma;86
86653132-Wcdma;85
86653152-Wcdma;86
86675722-Wcdma;119
86675752-Wcdma;119
86675772-Wcdma;119
86675812-Wcdma;120
86675822-Wcdma;120
86675852-Wcdma;120
86675872-Wcdma;120
86675912-Wcdma;121
86675922-Wcdma;121
86676042-Wcdma;121
86676112-Wcdma;122
86676122-Wcdma;122
86676152-Wcdma;122
86676172-Wcdma;122
86676412-Wcdma;129
86676422-Wcdma;123
86676452-Wcdma;123-129
86676472-Wcdma;123
86686795-Wcdma;89
86686796-Wcdma;87
86686797-Wcdma;88
86686798-Wcdma;89
86692184-Wcdma;31
86692186-Wcdma;30
86692187-Wcdma;31
86704138-Wcdma;12
86704148-Wcdma;12
86704168-Wcdma;12
86704178-Wcdma;12
86704338-Wcdma;13
86704368-Wcdma;13
86704378-Gsm;13
86704378-Wcdma;13
86704538-Wcdma;14
86704548-Wcdma;14-15
86704568-Wcdma;14
86704578-Wcdma;14
86704738-Wcdma;17
86704748-Wcdma;17
86704768-Wcdma;17
86704778-Wcdma;17
86704938-Gsm;15
86704948-Wcdma;15
86704968-Wcdma;15
86704978-Wcdma;15-16
86705238-Gsm;16
86705238-Wcdma;16
86705248-Gsm;16
86705248-Wcdma;16
86705268-Wcdma;16
86705278-Wcdma;16
86705500-Wcdma;36
86706938-Wcdma;37
86706948-Wcdma;37
86706958-Wcdma;11
86706968-Wcdma;37
86706978-Wcdma;37
86706988-Wcdma;11
86707748-Wcdma;93
86707768-Wcdma;93
86707778-Wcdma;93
86707838-Wcdma;7
86707868-Wcdma;7
86710323-Wcdma;37
86714438-Wcdma;11
86714448-Wcdma;10
86714458-Wcdma;8-9
86714468-Wcdma;11
86714478-Wcdma;10
86714488-Wcdma;8
86714748-Wcdma;33
86714768-Wcdma;31-32
86714778-Wcdma;33
86718738-Wcdma;90
86718748-Wcdma;91
86718838-Wcdma;97
86718848-Wcdma;99
86718888-Wcdma;98
86724923-Wcdma;104
86738947-Wcdma;38
86740297-Wcdma;38
86742148-Wcdma;124
86742158-Wcdma;124
86742258-Wcdma;124
86742278-Wcdma;124
86742348-Wcdma;119-125
86742358-Wcdma;125
86742378-Wcdma;125
86742388-Wcdma;125
86742548-Wcdma;126
86742608-Wcdma;132
86742758-Wcdma;127
86742808-Wcdma;127
86742848-Wcdma;128
86742858-Wcdma;128
86742888-Wcdma;128
86742908-Wcdma;128
86743178-Wcdma;130
86743218-Wcdma;130
86743278-Wcdma;131
86743318-Wcdma;130-131
86757999-Wcdma;8
86758001-Wcdma;6
86758002-Wcdma;8
86758004-Wcdma;6
86758470-Wcdma;35
86758472-Wcdma;34
86758473-Wcdma;35
86758621-Wcdma;94
86758624-Wcdma;94
86758701-Wcdma;38
86758704-Wcdma;38
86761380-Wcdma;36
86761382-Wcdma;36
86761383-Wcdma;36
86767638-Wcdma;96
86767738-Wcdma;96
86767748-Wcdma;95
86767758-Wcdma;96
86769671-Wcdma;82
86772807-Wcdma;83
86774349-Wcdma;82
86775380-Wcdma;82
86776305-Wcdma;82
86776308-Wcdma;82
86778761-Wcdma;82
86780074-Wcdma;5
86780084-Wcdma;4
86780094-Wcdma;3
86780114-Wcdma;4
86780124-Wcdma;3
86784074-Wcdma;81
86784084-Wcdma;80
86790127-Wcdma;82
86790128-Wcdma;83
86790130-Wcdma;82
86791756-Wcdma;3
86791757-Wcdma;84
86796305-Wcdma;82
86796854-Wcdma;109
86812285-Wcdma;84
86818275-Wcdma;79
86818278-Wcdma;79
86818279-Wcdma;79
86818336-Wcdma;84
86818339-Wcdma;84
86821566-Wcdma;82
86823495-Wcdma;2
86823496-Wcdma;1
86823499-Wcdma;1
86835431-Wcdma;40
86835434-Wcdma;40
86837801-Wcdma;39
86838610-Wcdma;49
86838630-Wcdma;48-49
86838640-Wcdma;49
86838660-Wcdma;48
86840714-Wcdma;57
86840791-Wcdma;102
86841031-Wcdma;39
86845910-Wcdma;43
86845920-Wcdma;44
86845930-Wcdma;45
86845940-Wcdma;43
86845950-Wcdma;44
86845960-Wcdma;45
86853520-Wcdma;57
86855431-Wcdma;40
86858182-Wcdma;55
86858184-Wcdma;54
86858185-Wcdma;55
86858325-Wcdma;38
86860791-Wcdma;102
86860793-Wcdma;101
86860794-Wcdma;102
86861953-Wcdma;39
86861956-Wcdma;39
86862460-Wcdma;110
86862480-Wcdma;110
86862630-Wcdma;110
86862720-Wcdma;111
86862760-Wcdma;111
86862780-Wcdma;111
86862820-Wcdma;112
86862880-Wcdma;112
86863000-Wcdma;113
86863090-Wcdma;113
86863390-Wcdma;116
86863460-Wcdma;115
86863490-Wcdma;115
86863680-Wcdma;115
86863760-Wcdma;116
86863960-Wcdma;116
86864160-Wcdma;116
86864360-Wcdma;116
86874120-Wcdma;129
86874130-Wcdma;123
86874180-Wcdma;129
86874620-Wcdma;132
86874630-Wcdma;131-132
86874680-Wcdma;131-132
86874720-Wcdma;133
86874730-Wcdma;133-135
86874760-Wcdma;133
86874780-Wcdma;133
86875120-Wcdma;134
86875130-Wcdma;134
86875150-Wcdma;135
86875160-Wcdma;134
86875230-Wcdma;133-135
86875260-Wcdma;135
86875280-Wcdma;135
86875326-Wcdma;100
86875620-Wcdma;136
86875630-Wcdma;136
86875660-Wcdma;136
86875661-Wcdma;39
86875664-Wcdma;39-83
86875680-Wcdma;136
86878357-Wcdma;100
86886632-Wcdma;58
86887059-Wcdma;58
86887069-Wcdma;58
86887356-Wcdma;100
86889491-Wcdma;100
86889582-Wcdma;41
86889583-Wcdma;42
86889585-Wcdma;41
86889586-Wcdma;42
86889642-Wcdma;47
86889645-Wcdma;47
86889646-Wcdma;48
86892382-Wcdma;132
86892621-Wcdma;100
86892624-Wcdma;100
86896863-Wcdma;39
86896866-Wcdma;39
86901056-Wcdma;19
86901086-Wcdma;19
86901756-Wcdma;20
86901776-Wcdma;20
86901786-Wcdma;20
86901946-Wcdma;21
86901956-Wcdma;21
86901976-Wcdma;21
86901986-Wcdma;21
86902319-Wcdma;52
86903646-Wcdma;50
86903656-Wcdma;50
86903676-Wcdma;50
86903686-Wcdma;50
86910896-Wcdma;22
86918946-Wcdma;52
86918956-Wcdma;53
86918986-Wcdma;53
86923489-Wcdma;51
86929448-Wcdma;17-18
86929451-Wcdma;18
86929996-Wcdma;117
86930126-Wcdma;117
86930156-Wcdma;116
86930186-Wcdma;118
86930256-Wcdma;118
86966519-Wcdma;106
86969292-Wcdma;63
86969312-Wcdma;63
86969322-Wcdma;63
86969482-Wcdma;108
86969492-Wcdma;108
86969522-Wcdma;108
86969582-Wcdma;62-73
86969592-Wcdma;62-73
86969603-Wcdma;69-70
86969612-Wcdma;62
86969622-Wcdma;62-73
86970114-Wcdma;65
86970117-Wcdma;65
86970374-Wcdma;67
86970603-Wcdma;58
86970605-Wcdma;59
86970606-Wcdma;58
86970607-Wcdma;59
86970608-Wcdma;59
86971423-Wcdma;64
86972135-Wcdma;67
86972136-Wcdma;66
86973013-Wcdma;104
86973016-Wcdma;104
86973017-Wcdma;105
86973075-Wcdma;74
86973078-Wcdma;74
86975405-Wcdma;106
86975406-Wcdma;61
86975407-Wcdma;61
86975408-Wcdma;106
86975469-Wcdma;106
86975667-Wcdma;66
86976364-Wcdma;60
86976367-Wcdma;60
86976631-Wcdma;59
86976820-Wcdma;60
86977056-Wcdma;69
86977470-Wcdma;60
86986338-Wcdma;106
86989463-Wcdma;71
86989466-Wcdma;71
86989467-Wcdma;72
86989506-Wcdma;107
86990115-Wcdma;66
86990603-Wcdma;58-59
86990604-Wcdma;59
86990605-Wcdma;59
86990608-Wcdma;59
86991034-Wcdma;73
86991035-Wcdma;107-73
86991037-Wcdma;73
86991038-Wcdma;73
86991403-Wcdma;74
86991406-Wcdma;74
86991427-Wcdma;64
86992133-Wcdma;66
86994314-Wcdma;59
86995353-Wcdma;74
86995355-Wcdma;74
86995356-Wcdma;74
87002331-Wcdma;69
87002339-Wcdma;68
87003995-Wcdma;104
87003998-Wcdma;104
87007765-Wcdma;68
87007768-Wcdma;68
87009603-Wcdma;70
87009606-Wcdma;70
87009936-Wcdma;59
87010115-Wcdma;69
87010118-Wcdma;69
87011654-Wcdma;103
87011657-Wcdma;103
87015978-Wcdma;69
87017803-Wcdma;106
87017806-Wcdma;106
87018063-Wcdma;60
87018066-Wcdma;60
87020910-Wcdma;73
87024670-Wcdma;73
87025668-Wcdma;66
87026439-Wcdma;74
87026440-Wcdma;74
87026449-Wcdma;74
87028989-Wcdma;103
87030979-Wcdma;102
87030980-Wcdma;103
87030989-Wcdma;102
87030990-Wcdma;103
87032520-Wcdma;77
87032523-Wcdma;77
87036321-Wcdma;75
87036324-Wcdma;75
87038690-Wcdma;76
87038693-Wcdma;76
87056321-Wcdma;75
87056324-Wcdma;75
87058690-Wcdma;76
87058693-Wcdma;76
8706-Gsm;74
87070945-Wcdma;104
87071870-Wcdma;75
87071873-Wcdma;75
87072520-Wcdma;77
87072523-Wcdma;77
8708-Gsm;75-77
87082062-Wcdma;78
87093905-Wcdma;76
87093915-Wcdma;76
87553-Lte;99
88065-Lte;97
8847-Gsm;69
8849-Gsm;70
8858-Gsm;100
8929-Gsm;70
9019138-Lte;104
9024-Gsm;1
9025-Gsm;1
9220097-Lte;74
9220098-Lte;74
9220103-Lte;74
9269505-Lte;76
9285377-Lte;102-103
93697-Lte;42
93700-Lte;41
93955-Lte;38
93956-Lte;37
94209-Lte;39
94210-Lte;39
94465-Lte;40
94466-Lte;40
95233-Lte;38
