punto_id;punto_name;punto_lat;punto_lon
1;UNIMARC ZAPADORES;-33.38626173;-70.6641478
2;UNIMARC LAS REJAS;-33.46882;-70.70507104
3;UNIMARC JUAN ANTONIO RIOS;-33.41956667;-70.67080617
4;UNIMARC-INDEPENDENCIA;-33.39459154;-70.65786796
5;UNIMARC LO OVALLE;-33.51683208;-70.65963512
6;UNIMARC VICUÑA PARAD 19;-33.5394802;-70.59141
7;UNIMARC ROJAS MAGALLANES;-33.535927;-70.55477987
8;UNIMARC MIRADOR;-33.513935;-70.60716833
9;UNIMARC VICENTE VALDES;-33.5266;-70.595128
10;UNIMARC LA REINA;-33.43903393;-70.55662167
11;UNIMARC BATUCO;-33.23051417;-70.80771749
12;UNIMARC LAMPA;-33.28562289;-70.87704195
13;UNIMARC LARAPINTA;-33.29424983;-70.86674258
14;UNIMARC LAS CONDES;-33.36715867;-70.49928632
15;UNIMARC LOS MILITARES;-33.403826;-70.569019
16;UNIMARC ESC. MILITAR;-33.41519578;-70.58541373
17;UNIMARC MANQUEHUE;-33.42677676;-70.56382415
18;UNIMARC LOS TRAPENSES;-33.356825;-70.539645
19;UNIMARC 2da TRANSVERSAL MAIPU;-33.48849172;-70.74240076
20;UNIMARC EL ROSAL;-33.47909147;-70.75586504
21;UNIMARC MAIPU 4 PONIENTE ;-33.53111333;-70.79298833
22;UNIMARC SILVA CARVALLO;-33.53175788;-70.77488116
23;UNIMARC RINCONADA;-33.50743652;-70.78322806
24;UNIMARC RAMON FREIRE;-33.51362866;-70.75720412
25;UNIMARC ABRAZO DE MAIPU;-33.54210556;-70.77119667
26;UNIMARC IGNACIO CARRERA PINTO;-33.471126;-70.590836
27;UNIMARC IRARRAZAVAL;-33.45468281;-70.5832589
28;UNIMARC VILLA OLIMPICA;-33.46220267;-70.62012654
29;UNIMARC GRECIA;-33.45704364;-70.62477437
30;UNIMARC LOS LEONES;-33.44928174;-70.59799284
31;UNIMARC BUIN MAIPO;-33.73102;-70.7754
32;UNIMARC MANUEL MONTT;-33.453171;-70.612909
33;UNIMARC CONSISTORIAL;-33.48475083;-70.54804094
34;UNIMARC LAS PARCELAS;-33.47236773;-70.53850591
35;UNIMARC FCO. BILBAO;-33.43787741;-70.60635639
36;UNIMARC CIUDAD DE LOS VALLES;-33.44899;-70.843834
37;UNIMARC CONCHA y TORO;-33.58108722;-70.58109306
38;UNIMARC TRONCAL SAN FRANCISCO;-33.58999731;-70.55648055
39;UNIMARC CARRASCAL;-33.41897607;-70.69770881
40;UNIMARC SAN BERNARDO;-33.587456;-70.67803
41;UNIMARC BUIN;-33.732849;-70.739633
42;UNIMARC ALTO JAHUEL;-33.735082;-70.68438
43;UNIMARC SAN JOAQUIN;-33.50572389;-70.63829167
44;UNIMARC GRAN AVENIDA 1;-33.50367933;-70.655225
45;UNIMARC DIEGO PORTALES;-33.44124154;-70.63928769
46;UNIMARC ESTADO;-33.44197592;-70.64903178
47;UNIMARC ESPACIO M;-33.43862993;-70.65404277
48;UNIMARC LAS TRANQUERAS;-33.38471122;-70.55406998
49;UNIMARC RENCA BIGGER;-33.4003926;-70.74520527
50;UNIMARC VITACURA;-33.39845425;-70.58644919
51;UNIMARC SANTA MARIA;-33.37672679;-70.56850153
52;UNIMARC PUDAHUEL;-33.444551;-70.74089
53;UNIMARC HUECHURABA;-33.34913513;-70.67026189
54;UNIMARC PORTUGAL;-33.4492999;-70.63514241
55;UNIMARC EL ABRAZO;-33.543589;-70.780068
56;UNIMARC LOS DOMINICOS;-33.40979394;-70.54444399
57;UNIMARC ALFEREZ REAL;-33.43751413;-70.61596575
58;OK MARKET ELIODORO YAÑEZ;-33.43295614;-70.62545893
59;OK MARKET EL RODEO;-33.35236727;-70.51831066
60;Ok Market Ciudad Empresarial;-33.3930467;-70.61449085
61;Ok Market Brown Norte;-33.45514364;-70.59221381
62;Ok Market Macul;-33.48583126;-70.59925146
63;Ok Market Rosario Norte;-33.40451726;-70.57304242
64;Ok Market Tobalaba;-33.41845301;-70.60213904
65;Ok Market Encomenderos;-33.41662926;-70.60224309
66;Ok Market Santa Blanca;-33.35502555;-70.53240409
67;Ok Market Los Ingleses;-33.28618698;-70.67552244
68;UNIMARC TALAGANTE;-33.670833;-70.942314
69;LIDER EXPRESS LYON;-33.42195385;-70.60816616
70;LIDER HIPER INDEPENDENCIA;-33.39004531;-70.67557636
71;LIDER EXPRESS SANTO DOMINGO;-33.43608804;-70.65165481
72;LIDER HIPER PUENTE ALTO;-33.59946712;-70.5775014
73;LIDER EXPRESS HUERFANOS;-33.43926193;-70.64857297
74;LIDER HIPER PUENTE NUEVO;-33.37071591;-70.51241327
75;LIDER HIPER DEPARTAMENTAL;-33.51396927;-70.59084231
76;LIDER EXPRESS SAN PABLO;-33.43511172;-70.67030959
77;LIDER EXPRESS VITACURA;-33.39989905;-70.5905763
78;LIDER EXPRESS MAIPU;-33.5102456;-70.77678711
79;LIDER EXPRESS NONATO COO;-33.57819761;-70.56950876
80;LIDER EXPRESS PLAZA ITALIA;-33.44081747;-70.6302176
81;LIDER HIPER IRARRAZAVAL;-33.45476517;-70.60062107
82;LIDER EXPRESS LAS REJAS;-33.45711517;-70.70642142
83;LIDER EXPRESS PUENTE ALTO;-33.59465742;-70.55920165
84;LIDER HIPER LOS MORROS;-33.54591631;-70.66781838
85;LIDER HIPER MATUCANA;-33.43157147;-70.68043902
86;LIDER HIPER HUECHURABA;-33.36843862;-70.67782127
87;LIDER HIPER AVDA CENTRAL;-33.503596;-70.757311
88;LIDER HIPER MAIPU;-33.48156735;-70.74546173
89;LIDER HIPER QUILIN;-33.48523393;-70.57936075
90;LIDER HIPER VESPUCIO MAIPU;-33.47150984;-70.75968337
91;LIDER HIPER CORDILLERA;-33.5664713;-70.55810641
92;LIDER VICUÑA MACKENNA;-33.52079733;-70.60117578
93;LIDER HIPER MACUL;-33.47415316;-70.59890146
94;LIDER HIPER VITACURA;-33.38648768;-70.56810589
95;LIDER HIPER PLAZA VESPUCIO;-33.51453451;-70.60018983
96;LIDER EXPRESS COLON ;-33.41778739;-70.55354602
97;LIDER EXPRESS LATADIA ;-33.42851359;-70.57468637
98;LIDER HIPER TALAGANTE ;-33.66237908;-70.9252302
99;LIDER EXPRESS P. DE VALDIVIA;-33.44008116;-70.60718534
100;LIDER EXPRESS ESTORIL ;-33.38425;-70.53394388
101;LIDER EXPRESS M MONTT ;-33.42939012;-70.6197662
102;LIDER EXPRESS TOBALABA ;-33.42292359;-70.59789187
103;LIDER EXPRESS LA DEHESA ;-33.35295179;-70.52079271
104;LIDER EXPRESS APOQUINDO;-33.40918746;-70.56797303
105;LIDER EXPRESS IRARRÁZAVAL;-33.45420412;-70.60617708
106;LIDER EXPRESS LOS DOMINICOS;-33.39047;-70.498851
107;LIDER EXPRESS PIEDRA ROJA ;-33.277328;-70.62877
108;LIDER EXPRESS COLINA;-33.217646;-70.685467
109;LIDER EXPRESS PEDRO FONTOVA;-33.35179027;-70.67027072
110;LIDER EXPRESS PROVIDENCIA SANTA ISABEL;-33.44680241;-70.62898855
111;LIDER EXPRESS GRECIA ;-33.45545128;-70.62712149
112;LIDER EXPRESS CONSISTORIAL;-33.48793867;-70.54926059
113;LIDER EXPRESS ROJAS MAGALLANES ;-33.534239;-70.553776
114;LIDER EXPRESS G AVENIDA ;-33.49014723;-70.65100159
115;LIDER EXPRESS CIUDAD DEL ESTE  ;-33.560031;-70.551684
116;LIDER EXPRESS 10 DE JULIO;-33.45439691;-70.65726427
117;LIDER EXPRESS SANTA ROSA;-33.4454407;-70.64564328
118;LIDER HIPER LOS DOMINICOS;-33.40103096;-70.51626025
119;LIDER EXPRESS MERCED;-33.43802448;-70.64504949
120;LIDER EXPRESS SAN MARTIN DOWN TOWN;-33.44424847;-70.65733169
121;LIDER EXPRESS VESPUCIO EL ROSAL;-33.47857094;-70.75544952
122;LIDER HIPER OESTE ;-33.5177768;-70.70951404
123;LIDER HIPER SANTA ROSA ;-33.54554634;-70.63387259
124;LIDER HIPER QUILICURA. ;-33.356711;-70.7283
125;LIDER EXPRESS TOMAS MORO.;-33.42538521;-70.55391988
126;LIDER HIPER RECOLETA. ;-33.39379241;-70.64239675
127;LIDER LAS BRUJAS LA REINA;-33.44162454;-70.53549149
128;LIDER HIPER GRAN AVENIDA. ;-33.51231365;-70.65717399
129;LIDER LA PINTANA;-33.58582;-70.62848095
130;LIDER HIPER MELIPILLA;-33.68082372;-71.20348699
131;LIDER HIPER GENERAL VELASQUEZ. ;-33.45307833;-70.69173
132;LIDER HIPER SAN PABLO ;-33.44489873;-70.72278986
133;LIDER HIPER LA REINA.;-33.4625346;-70.5471596
134;LIDER HIPER VESPUCIO. ;-33.46258442;-70.57430507
135;LIDER HIPER SANTA AMALIA. ;-33.543967;-70.57056
136;LIDER SAN JOAQUIN;-33.48311483;-70.62058239
137;LIDER HIPER SAN BERNARDO. ;-33.59813767;-70.69639172
138;LIDER HIPER 3 PONIENTE  ;-33.52075679;-70.77786504
139;LIDER HIPER NOS ;-33.62958009;-70.71325341
140;LIDER EXPRESS BUIN-SAN MARTIN;-33.73449936;-70.73557649
141;LIDER EXPRESS MAIPU-ISABEL RIQUELME;-33.48530651;-70.73885508
142;LIDER EXPRESS PORTUGAL;-33.45007326;-70.63467174
143;LIDER EXPRESS LAGUNA DEL SOL;-33.46801861;-70.65462388
144;LIDER EXPRESS SALVADOR-ÑUÑOA;-33.44976341;-70.62155457
145;ACUENTA CERRILLOS;-33.490067;-70.723027
146;ACUENTA CARMEN MAIPU;-33.52105445;-70.76206301
147;ACUENTA CUIDAD SATELITE;-33.55369251;-70.79446925
148;ACUENTA  PEÑAFLOR  ;-33.60923922;-70.86666103
149;ACUENTA EL MONTE;-33.68138884;-70.98241971
150;ACUENTA TRAVESIA  ;-33.45828521;-70.73830054
151;ACUENTA QUINTA NORMAL;-33.42834067;-70.70461083
152;ACUENTA CARRASCAL;-33.415845;-70.71174667
153;ACUENTA RENCA PETERSEN;-33.40919017;-70.74639418
154;ACUENTA QUILICURA AV MATTA;-33.36719204;-70.71489528
155;ACUENTA RENCA JAIME GUZMAN;-33.40226617;-70.70236322
156;ACUENTA CONCHALI SANTA INES;-33.39695083;-70.67730083
157;ACUENTA CONCHALI  ;-33.37971811;-70.66473591
158;ACUENTA VIVACETA ;-33.42280788;-70.66227933
159;ACUENTA RECOLETA NORTE;-33.37887957;-70.63884907
160;ACUENTA LAMPA;-33.28320734;-70.87905927
161;ACUENTA EYZAGUIRRE ORIENTE;-33.614985;-70.597701
162;ACUENTA DOMINGO TOCORNAL;-33.60362684;-70.58224062
163;ACUENTA CERRO NAVIA;-33.41541581;-70.74231102
164;ACUENTA LOS MORROS;-33.58295;-70.676805
165;ACUENTA GABRIELA;-33.58230976;-70.6059885
166;ACUENTA EL BOSQUE;-33.572894;-70.665832
167;ACUENTA ORIENTALES;-33.46965175;-70.55338847
168;ACUENTA LA FLORIDA SOTERO DEL RIO;-33.53902334;-70.60460434
169;ACUENTA LO OVALLE;-33.50844172;-70.67790257
170;ACUENTA LA GRANJA;-33.55678389;-70.62665204
171;ACUENTA BUIN;-33.73202346;-70.73999123
172;ACUENTA SAN BERNARDO EUCALIPTUS;-33.60892117;-70.70280734
173;ACUENTA PAINE;-33.80807391;-70.73710974
174;ACUENTA RINCONADA;-33.50546773;-70.78975468
175;ACUENTA ISLA DE MAIPO;-33.751563;-70.900562
176;EKONO RECOLETA EINSTEIN;-33.40571451;-70.64328007
177;EKONO VIC MACK TRINIDAD;-33.54697044;-70.58805253
178;EKONO ELIODORO YANEZ;-33.43320193;-70.61679507
179;EKONO INDEPENDENCIA;-33.42365508;-70.65539488
180;EKONO BELLAVISTA;-33.43312813;-70.64327462
181;EKONO 1 TRANSVERSAL;-33.56524567;-70.79902806
182;EKONO IRARRAZAVAL;-33.45318402;-70.62290758
183;LIDER HIPER LO MARCOLETA;-33.36027056;-70.74519186
184;RENCA MIRAFLORES;-33.3996393;-70.75513613
185;EKONO PROVIDENCIA;-33.42689316;-70.61624372
186;EKONO COLOMBIA;-33.52181361;-70.59057512
187;EKONO JOSÉ LUIS COO;-33.60905503;-70.57405138
188;EKONO PEDRO DE VALDIVIA;-33.47293505;-70.60650772
189;EKONO TOBALABA;-33.42524525;-70.59263818
190;EKONO VITACURA;-33.39631845;-70.58160926
191;EKONO RAMÓN CRUZ;-33.48475166;-70.58519412
192;EKONO PRIMO DE RIVERA;-33.49216947;-70.73908744
193;EKONO ALC. JORGE MONCKEBERG;-33.47228333;-70.58745333
194;EKONO LO BARNECHEA;-33.35985228;-70.50586784
195;EKONO LO OVALLE;-33.512567;-70.664886
196;EKONO AV. CENTRAL;-33.49793356;-70.68783869
197;EKONO MONSEÑOR LARRAÍN;-33.67473627;-70.94593153
198;EKONO GRAJALES;-33.44886667;-70.66555833
199;EKONO L. B. O´HIGGINS;-33.44908044;-70.67368952
200;EKONO CURICÓ;-33.4460089;-70.64287399
201;EKONO VICUÑA MACKENNA;-33.6109281;-70.87877293
202;EKONO AV. SEGUNDA TRANSVERSAL;-33.51598911;-70.74752033
203;EKONO MONJITAS;-33.43708393;-70.64760589
204;EKONO ARTIGAS;-33.44515304;-70.5992919
205;EKONO AV. PORTUGAL;-33.44549776;-70.63660021
206;EKONO LAS REJAS SUR;-33.46385003;-70.70491356
207;EKONO LAS TORRES;-33.47909891;-70.73164986
208;EKONO EL DESCANSO;-33.47012791;-70.75058978
209;EKONO LAGUNA SUR;-33.46004475;-70.75208422
210;EKONO BAGDAD;-33.5448472;-70.76922405
211;EKONO AV. LO CRUZAT;-33.35870344;-70.72105258
212;EKONO SAN PABLO;-33.43545453;-70.67622005
213;EKONO CUATRO PONIENTE;-33.52480983;-70.7919081
214;EKONO SANTA LUISA;-33.35133466;-70.73952572
215;EKONO PDTE. GABRIEL GONZALEZ VIDELA;-33.53617906;-70.78645999
216;EKONO CARRASCAL;-33.42325722;-70.6939116
217;EKONO GALILEO;-33.49818458;-70.72871417
218;EKONO BANDERA;-33.43418885;-70.65310319
219;EKONO LAS INDUSTRIAS;-33.50345413;-70.62725909
220;EKONO JUAN DE DIOS MALEBRÁN;-33.59536433;-70.59040345
221;EKONO SAN DIEGO;-33.44781888;-70.65112868
222;EKONO COVENTRY;-33.44891173;-70.58054204
223;EKONO AV. INDEPENDENCIA;-33.41734004;-70.65650571
224;EKONO LOS LEONES;-33.43643962;-70.60118992
225;EKONO AV. RECOLETA;-33.42889966;-70.64695108
226;EKONO EL SALTO;-33.41089003;-70.63654817
227;EKONO EL TRANQUE;-33.43335422;-70.77072685
228;EKONO AV. LIRA;-33.44875728;-70.6390287
229;EKONO AV BRASIL;-33.44509353;-70.66500149
230;EKONO FROILAN ROA;-33.5023829;-70.60056888
231;EKONO SANTA ISABEL;-33.44523127;-70.61985629
232;EKONO GRAN AVENIDA;-33.53370791;-70.66314487
233;EKONO EL OLIMPO;-33.51209933;-70.77551263
234;LIDER EXPRESS IRARRAZAVAL 2;-33.4539982;-70.57535248
235;EKONO VICUÑA MACKENNA II;-33.53513708;-70.59338728
236;EKONO MANQUEHUE SUR;-33.41425982;-70.56579345
237;LIDER BUIN BERNARDO OHIGGINS;-33.73406385;-70.74895761
238;LIDER HIPER PUDAHUEL TENIENTE CRUZ;-33.4365048;-70.74927109
239;LIDER EXPRESS JOSE DOMINGO CAÑAS;-33.45597076;-70.61531847
240;LIDER HIPER MAIPU CAMINO A MELIPILLA;-33.541184;-70.768076
241;EKONO SAN PABLO II;-33.441714;-70.762498
242;EKONO INDEPENDENCIA II;-33.386557;-70.678347
243;EKONO LAGUNA SUR II;-33.461598;-70.743316
244;HIPER LIDER PEÑAFLOR;-33.608683;-70.85625
245;ACUENTA CURACAVI;-33.402531;-71.126222
246;59-SERVIESTADO;-33.40102831;-70.51623337
247;60-SERVIESTADO;-33.44272566;-70.644872
248;61-SERVIESTADO;-33.486436;-70.750752
249;64-SERVIESTADO;-33.53329836;-70.66306932
250;66-SERVIESTADO;-33.50796909;-70.75917383
251;74-SERVIESTADO;-33.39605624;-70.67138398
252;83-SERVIESTADO;-33.68207521;-71.21380708
253;94-SERVIESTADO;-33.6109281;-70.87877293
254;112-SERVIESTADO;-33.59954944;-70.57748517
255;156-SERVIESTADO;-33.49015569;-70.63130684
256;202-CRP PROVIDENCIA;-33.41922206;-70.60100524
257;206-CRP SAN BERNARDO;-33.59167954;-70.70390047
258;213-APUMANQUE;-33.41025089;-70.56901098
259;221-CRP PUENTE ALTO;-33.61234144;-70.57535194
260;226-MIRAFLORES;-33.43910155;-70.64547658
261;229-CRP REPUBLICA;-33.4520955;-70.68204693
262;250-CRP ESTADO;-33.442958;-70.648471
263;256-SUP. LIDER GRAN AVENIDA;-33.51229164;-70.65708854
264;258-CRP LA FLORIDA;-33.51865254;-70.60002583
265;302-MALL PARQUE ARAUCO;-33.40036695;-70.57631265
266;303-LIDER EL ALBA;-33.40102831;-70.51623337
267;304-JUMBO BILBAO;-33.43115065;-70.57874111
268;305-JUMBO ALTO LAS CONDES;-33.38904057;-70.54556044
269;308-LIDER MACUL;-33.47415316;-70.59890147
270;310-MONTSERRAT IRARRAZAVAL;-33.45320082;-70.61544197
271;314-EL MOLINO SANTA ROSA;-33.4723934;-70.64223536
272;316-JUMBO MAIPU;-33.48562899;-70.75146343
273;318-MONTSERRAT MAIPU;-33.53146787;-70.77504674
274;319-MALL PLAZA OESTE TOTTUS;-33.51506134;-70.71741989
275;321-SANTA ISABEL MELIPILLA;-33.69152417;-71.21501683
276;322-SANTA ISABEL SAN PABLO;-33.44017841;-70.70182802
277;325-LIDER MAIPU;-33.48156735;-70.74546174
278;331-MONTSERRAT INDEPENDENCIA;-33.40693226;-70.66052436
279;336-MONTSERRAT EL PEÑON;-33.5946649;-70.55872528
280;340-SANTA ISABEL EL BOSQUE;-33.55034267;-70.67225258
281;373-SANTA ISABEL LA REINA;-33.4526017;-70.56074049
282;374-SANTA ISABEL GRECIA ;-33.46953054;-70.57455351
283;377-MALL PLAZA VIVACETA;-33.42030144;-70.66312044
284;380-SANTA ISABEL LA GRANJA;-33.52809713;-70.63540359
285;383-LIDER VITACURA;-33.38648768;-70.56810589
286;396-SAN FRANCISCO SAN BERNARDO;-33.5942756;-70.69895949
287;397-MONTSERRAT QUINTA NORMAL;-33.431504;-70.692454
288;398-SAN FRANCISCO BUIN;-33.73200032;-70.7360597
289;403-CENTRO COMERCIAL TIKAL;-33.45409557;-70.6883586
290;404-LIDER SANTA AMALIA;-33.54354142;-70.56493158
291;405-LIDER LA REINA;-33.4625346;-70.54715961
292;406-EL MERCURIO;-33.38395175;-70.59256643
293;414-Sup. Montserrat El Bosque;-33.57427011;-70.69086563
294;416-UNIVERSIDAD DE CHILE BEAUCHEF;-33.4573007;-70.66381229
295;417-MALL PLAZA LYON;-33.42280189;-70.60934021
296;418-LIDER QUILIN;-33.48523393;-70.57936076
297;EL RINCON DEL GUSTO MAIPU;-33.53442777;-70.78499317
298;426-SODIMAC RENCA;-33.39759061;-70.68553679
299;439-LIDER RECOLETA;-33.39382816;-70.64247582
300;442-LIDER LAS CONDES;-33.37071232;-70.51239755
301;446-DERCO QUILICURA;-33.36991472;-70.70672087
302;454-JUMBO PAJARITOS (EX MONTECARLO);-33.49796996;-70.7572239
303;457-JUMBO LA FLORIDA;-33.51071617;-70.60851559
304;460-MUNICIPALIDAD DE CONCHALI;-33.39823886;-70.66966449
305;464-TOPs PUENTE ALTO;-33.60129009;-70.57771977
306;471-SHOPPING LA DEHESA;-33.35295179;-70.52079272
307;474-JUMBO LA REINA;-33.42865955;-70.54065413
308;475-MONTSERRAT CONCHALI;-33.3953728;-70.67197428
309;481-DGA CIVIL;-33.44093974;-70.61789931
310;495-SANTA ISABEL RENCA;-33.40683057;-70.70053385
311;498-MALL DEL CENTRO;-33.43516897;-70.65142355
312;506-JUMBO LA DEHESA;-33.35835041;-70.51703954
313;507-MALL PLAZA NORTE;-33.36810778;-70.67771798
314;517-JUMBO PENALOLEN;-33.48683307;-70.55765874
315;518-SANTA ISABEL CAMPANARIO;-33.52225851;-70.57914236
316;523-MALL MELIPILLA;-33.68496703;-71.21372508
317;532-SANTA ISABEL MAPOCHO;-33.43388359;-70.64942856
318;533-MONTSERRAT PAJARITOS;-33.46778922;-70.73003196
319;534-MONSERRAT PAINE;-33.81424288;-70.74300228
320;551-SAN FRANCISCO TALAGANTE LOS AROMOS;-33.656297;-70.90982
321;558-SANTA ISABEL EL ALBA (EX MONTECARLO);-33.53970893;-70.57198985
322;560-SANTA ISABEL CIUDAD SATELITE;-33.56051014;-70.78675715
323;563-SANTA ISABEL HUERFANOS;-33.44011211;-70.65709652
324;567-CENTRO COMERCIAL  FRANKLIN;-33.47332636;-70.64673178
325;576-SANTA ISABEL LONQUEN;-33.62344114;-70.79886254
326;581-TOTTUS PUENTE ALTO;-33.59380738;-70.57936142
327;586-BODEGAS SAN FRANCISCO;-33.45080099;-70.78413563
328;589-ENAER;-33.56936227;-70.68694071
329;590-LIDER QUILICURA;-33.360227;-70.72986
330;639-PORTAL EXPOSICION;-33.45123192;-70.6777745
331;648-MALL QUILICURA;-33.36746941;-70.73085441
332;653-MONTSERRAT ISLA DE MAIPO;-33.75414543;-70.90192362
333;654-CTI;-33.52036542;-70.75544136
334;661-ACADEMIA DE GUERRA;-33.4448629;-70.53632398
335;666-INTERMODAL;-33.53662611;-70.66540141
336;667-JUMBO PLAZA PUENTE ALTO;-33.61169811;-70.57697778
337;668-METRO ESTACION TOBALABA;-33.418081;-70.601564
338;669-MALL PLAZA TOBALABA;-33.56941612;-70.55486733
339;683-LIDER LAS REJAS;-33.45717127;-70.70633884
340;684-LIDER OESTE;-33.51733622;-70.70984589
341;686-SANTIAGO CENTRO;-33.44338828;-70.64976092
342;691-PENAFLOR;-33.60840383;-70.89961389
343;698-SANTA ISABEL LA TRAVESIA;-33.451482;-70.763151
344;702-CENTRO COMERCIAL PUMAY;-33.510484;-70.757889
345;707-SANTA ISABEL LO MARCOLETA;-33.36048697;-70.7453896
346;709-SANTA ISABEL VALLE GRANDE;-33.323775;-70.746776
347;713-SANTA ISABEL ACUENTA GABRIELA;-33.58239747;-70.60582291
348;725-MALL PLAZA SUR;-33.62948511;-70.71326824
349;730-SAN ANTONIO II;-33.43958746;-70.64798046
350;731-MUNICIPALIDAD VITACURA;-33.39540034;-70.60004201
351;745-SANTA ISABEL BUSTAMANTE;-33.45483501;-70.62978636
352;749-LIDER CENTRAL;-33.503596;-70.757311
353;752-LIDER SHOPPING PUENTE ALTO;-33.59954944;-70.57748517
354;756-TOTTUS EL BOSQUE;-33.55395396;-70.67508439
355;757-MONTSERRAT COLINA;-33.20486651;-70.6756368
356;759-TOTTUS NATANIEL;-33.45356944;-70.65277054
357;763-LIDER ESPACIO URBANO;-33.44131353;-70.53537466
358;768-SANTA ISABEL CERRO NAVIA;-33.42928442;-70.73603719
359;ROSA DEL CARMEN ORTIZ VIDAL;-33.48037982;-70.72055252
360;790- MONSERRAT PEÑALOLEN;-33.47611253;-70.54340247
361;791-JUMBO CONCHA Y TORO;-33.57166778;-70.58294397
362;794-EASY OCHAGAVIA;-33.53237497;-70.68285552
363;802-MALL PASEO SANTA FILOMENA;-33.42884622;-70.64448419
364;808-TOTTUS LA FLORIDA;-33.519805;-70.595659
365;810-SANTA ISABEL LA CISTERNA;-33.51801682;-70.65880359
366;813-COSTANERA CENTER;-33.41777537;-70.60817181
367;815-SANTA ISABEL HUECHURABA;-33.3476445;-70.67033791
368;817-STRIP CENTER MELIPILLA;-33.68097949;-71.19345709
369;825-ESPACIO URBANO MAIPU;-33.51062125;-70.75736584
370;849-SERVIESTADO;-33.41430637;-70.60383468
371;880-SERVIESTADO;-33.51865254;-70.60002583
372;883-SERVIESTADO;-33.6008218;-70.57781592
373;885-SERVIESTADO;-33.52665739;-70.59636822
374;889-SERVIESTADO;-33.51733622;-70.70984589
375;891-SERVIESTADO;-33.43499796;-70.68022995
376;924-SERVIESTADO;-33.501358;-70.654389
377;925-SERVIESTADO;-33.58303;-70.628772
378;927-SERVIESTADO;-33.43061221;-70.72070705
379;934-SERVIESTADO;-33.53958299;-70.57176677
380;935-SERVIESTADO;-33.47778024;-70.54418706
381;937-SERVIESTADO;-33.43208276;-70.69111059
382;LALITO SN RAMON;-33.53259911;-70.64443457
383;941-SERVIESTADO;-33.60808837;-70.57542239
384;LUIS ARAYA CARVAJAL;-33.39034955;-70.69679457
385;959-SERVIESTADO;-33.47233065;-70.6482392
386;975-SERVIESTADO;-33.43788426;-70.64825045
387;979-SERVIESTADO;-33.4362748;-70.65084421
388;980-SERVIESTADO;-33.44970599;-70.67353148
389;981-SERVIESTADO;-33.42900787;-70.64704488
390;982-SERVIESTADO;-33.45062299;-70.67811003
391;986-SERVIESTADO;-33.45382053;-70.57107139
392;987-SERVIESTADO;-33.43872044;-70.65523364
393;994-SERVIESTADO;-33.45062299;-70.67811003
394;996-SERVIESTADO;-33.56087405;-70.78582651
395;MARION;-33.466487;-70.710417
396;LOS PEQUES SN JOAQUIN;-33.51340381;-70.62299239
397;NISSY LA PINTANA;-33.56360171;-70.62268808
398;ERICHOPER;-33.37779948;-70.62318232
399;DON ORLANDO RENCA;-33.40400045;-70.73299013
400;NOLBERTO VALDES NAVARRO;-33.5017199;-70.56833146
401;BAZAR LA KUKA;-33.38842874;-70.64229926
402;DAVICITO;-33.43343054;-70.73272097
403;LEONCITA;-33.55014139;-70.57490278
404;ATEMIS COMPUTACION;-33.57983789;-70.58762524
405;JOSE MANUEL NAVARRETE OSSES;-33.426896;-70.661737
406;ALMACEN GERUDA LO ESPEJO;-33.52312601;-70.68083991
407;ALMACEN;-33.54062056;-70.63109833
408;JUANA HUENUN;-33.5851606;-70.68530936
409;BAZAR ANGELES;-33.3621937;-70.74229694
410;DON LUIS;-33.62093324;-70.61188779
411;EDGAR COSME PORTAL;-33.44146449;-70.70659197
412;ELENA MINCHAN AMBROSIO;-33.413732;-70.536145
413;KIOSKO LAS CARRETAS;-33.431578;-70.578449
414;JUANITA CERRO NAVIA;-33.4164973;-70.7529148
415;LA VALE EL BOSQUE;-33.56782291;-70.68380736
416;SAN ALFONSO SN BERNARDO;-33.58056155;-70.69111827
417;POMPEYITA;-33.51286149;-70.67795612
418;KIOSKO MARIAN LA FLORIDA;-33.56301274;-70.59963386
419;OASIS;-33.5136736;-70.7557102
420;BAZAR MARY LA FLORIDA;-33.54676032;-70.59967952
421;JUAN BAUTISTA VIDAL BARRIENTOS;-33.554043;-70.570259
422;LOTO;-33.60932778;-70.57531944
423;MIGUEL AGUILERA;-33.47595427;-70.55766685
424;PUNTO ARAUCO;-33.47031701;-70.62870143
425;MONICA PILAR ESPINOZA MARTINEZ;-33.40025205;-70.62899449
426;ROSITA;-33.505795;-70.686829
427;ELLEN MARLENE MOSCOSO GAS;-33.59360142;-70.55635617
428;D LLA FRUIT;-33.36556411;-70.70641176
429;CAMILA PUDAHUEL;-33.43705396;-70.74709686
430;MARKITO;-33.49450266;-70.66145075
431;MINIMARKET ENRIQUE;-33.60670333;-70.70326333
432;FERNANDA;-33.57657313;-70.70288922
433;JUANA DEL CARMEN;-33.371393;-70.632004
434;ISABEL PETRONILA ARCAYA G;-33.54208479;-70.7880081
435;BOTILLERIA CAROLINA;-33.57860707;-70.65965299
436;SANTA CRISTINA EL BOSQUE;-33.547443;-70.680801
437;SAN ANDRES;-33.43821218;-70.70691834
438;ALMACEN LA ESCALERA SAN JOAQUIN;-33.48995339;-70.63489317
439;LA VEGUITA;-33.53626;-70.655041
440;ALMACEN C Y S;-33.58111712;-70.64346522
441;JUAN MUÑOZ;-33.41934605;-70.72934523
442;ISABEL C CISTERNA MATURA;-33.54536062;-70.58876459
443;SANTA TERESA;-33.53307094;-70.77260816
444;CIBER ACTION;-33.35425735;-70.72055133
445;KAREN;-33.54251982;-70.65130712
446;EL NEGRITO RENCA;-33.40662805;-70.72703411
447;LOS 121 LO ESPEJO;-33.51517218;-70.6817731
448;LENNY;-33.36043663;-70.75978082
449;ALMACEN Y BAZAR;-33.593425;-70.623233
450;LEOCRISMA;-33.48197255;-70.52573035
451;SAN RICARDO LA PINTANA;-33.586301;-70.643728
452;TIENDA UPA!-SHELL  (F.663);-33.479164;-70.75429
453;TIENDA UPA!-SHELL  (F.448);-33.36687185;-70.4970974
454;TIENDA UPA!-SHELL  (F.652);-33.54697044;-70.58805253
455;TIENDA UPA!-SHELL  (F.617);-33.51781761;-70.77541546
456;CLAUDIA URRUTIA;-33.48071453;-70.57096293
457;BAZAR ARIEL LO ESPEJO;-33.51075872;-70.67345605
458;KEVIN;-33.43358305;-70.67832213
459;VILUM MARKET CERRO NAVIA;-33.42583143;-70.74787659
460;TIENDA UPA!-SHELL  (F.165);-33.40281629;-70.51680178
461;ANITA;-33.50407076;-70.68444073
462;ROSA CARVAJAL CONTRERAS;-33.550491;-70.61544
463;BAZAR TODO ESCOLAR;-33.36392018;-70.73446939
464;EL TALENTO QUILICURA;-33.35335555;-70.71850258
465;JUAN MIGUEL CARDENAS ORTEGA;-33.425335;-70.662338
466;LAS ROSAS;-33.58947556;-70.66714197
467;TIENDA UPA!-SHELL  (F.152);-33.42366506;-70.57983043
468;PATRICIA;-33.4519176;-70.68128984
469;LAS PRINCESITAS;-33.5787774;-70.63950786
470;LEINA ANDRAWES BOULES HEJAZEEN;-33.41527122;-70.55936936
471;EL DROOPY;-33.49713362;-70.76894585
472;ANITA;-33.48964976;-70.64108214
473;BRINDIS;-33.59607816;-70.70512298
474;ARIAS MARKET;-33.45961626;-70.62877382
475;SAN VICENTE;-33.55480487;-70.66083137
476;JENNY ALVAREZ FUENTES;-33.494825;-70.686703
477;LA COTE;-33.425554;-70.739746
478;PAULA;-33.43792122;-70.63682714
479;TIENDA UPA!-SHELL  (F.122);-33.36282702;-70.51497559
480;TIENDA UPA!-SHELL  (F.159);-33.48489469;-70.69734405
481;TIENDA UPA!-SHELL  (F.793);-33.42675148;-70.60201942
482;TIENDA UPA!-SHELL  (F.123);-33.35476495;-70.53145078
483;SAY HERMINIA BALBOA FLORES;-33.504356;-70.687401
484;RODRIGO;-33.49859167;-70.73634667
485;DONDE LA NANCY;-33.34993476;-70.73917167
486;ANDREA - ANDRES;-33.471605;-70.633251
487;DONDE LAS CHIQUILLAS JESSICA Y SILVIA;-33.35328741;-70.73422546
488;VILLA ALEGRE;-33.49721469;-70.72433596
489;JOSE HERMIDA ARBUCH;-33.41747061;-70.67665239
490;MINIMARKET;-33.43286232;-70.73011005
491;MARCELA VASQUEZ VERA;-33.58772333;-70.66760875
492;DON RAMON;-33.44396256;-70.70253486
493;ZORAIDA ZEVALLOS HUANCA;-33.434875;-70.680357
494;JUAN PABLO MORENO VERA;-33.44460709;-70.69358776
495;ETIENNE;-33.56927511;-70.6673435
496;ALMACEN LA ITA;-33.58486968;-70.5588006
497;BAZAR;-33.56172417;-70.7860125
498;PROVISIONES OLGUITA RECOL;-33.38457392;-70.65359252
499;MARINA CORREA;-33.35735359;-70.689651
500;SANTA OLGA;-33.41304471;-70.67511298
501;LA FAMILIA;-33.46199801;-70.69857821
502;LIBRERIA JIT VITACURA;-33.39137821;-70.55346231
503;MARTINA;-33.47399396;-70.72329396
504;KIOSKO BIP VITACURA LAS U;-33.38226225;-70.54683156
505;LOS SOCIOS EST CENTRAL;-33.46860798;-70.71326698
506;CONFITERIA Y CAFETERIA SN;-33.49764083;-70.63988722
507;ANGEMAR 13 SN MIGUEL;-33.51211963;-70.64060504
508;FRANCISCO JAVIER GONZALEZ;-33.55767892;-70.62410364
509;DON REMI CERRILLOS;-33.50827955;-70.73409331
510;SANTA ELENA LA GRANJA;-33.54648579;-70.63026615
511;YASNITA Y CARLITOS EST CE;-33.47005404;-70.69929737
512;LUIS MORA CERRILLOS;-33.49056193;-70.71528509
513;SANTA TERESITA LO ESPEJO;-33.50783;-70.689894
514;MINIMARKET SAN LUIS;-33.52747626;-70.69725252
515;BOTILLERIA GILBERTO HUECH;-33.36827503;-70.63843017
516;LOS LAGOS;-33.48265609;-70.56397007
517;FARM LA FE LO ESPEJO;-33.519935;-70.695889
518;BAZAR LOS CRUCES;-33.41642667;-70.764905
519;GOOD LUCK;-33.42169261;-70.64447964
520;MYC;-33.50258381;-70.6240816
521;TIENDA UPA!-SHELL  (F.130);-33.43411096;-70.63999388
522;NUESTROS QUERUBINES;-33.55985636;-70.63471979
523;KARINA;-33.45443709;-70.6372928
524;CAMILA SANTIAGO;-33.43502321;-70.67486313
525;EL PAJARO LOCO;-33.47488098;-70.56331402
526;TIENDA UPA!-SHELL  (F.125);-33.37723421;-70.57068202
527;TIO ARTURO CERRILLOS;-33.48202372;-70.68860565
528;PANADERIA VILLA MEXICO CE;-33.50749194;-70.73012568
529;ARCANGEL MIGUEL;-33.50259033;-70.7293034
530;LUIS RAMIREZ RABIE CERRIL;-33.50997063;-70.7367877
531;BAZAR FREDDY;-33.4083333;-70.69752546
532;ALMACEN EL PROGRESO RENCA;-33.40167963;-70.71849915
533;EL MIRADOR CERRILLOS;-33.50484491;-70.71914043
534;LAS MARGARITAS RENCA;-33.3915755;-70.69846789
535;FERMIN RENCA;-33.39196234;-70.69486567
536;MAITE;-33.46727259;-70.69109436
537;SANTOS SN RAMON;-33.5389786;-70.64451891
538;SANTA IRMA LO ESPEJO;-33.522305;-70.691424
539;ALEBAR MACUL;-33.50850691;-70.59700028
540;ROSITA CERRILLOS;-33.50332886;-70.73016346
541;DONDE EL POLLO;-33.45166288;-70.71354405
542;BOTILLERIA DON PATO;-33.50447589;-70.71972763
543;SANTA TERESA LO ESPEJO;-33.50992969;-70.68629669
544;MARIA JOSE PEDRO A CERDA;-33.49244152;-70.67780421
545;DASIA - PAC;-33.49558001;-70.67058964
546;LOBUSAN;-33.47914324;-70.67683747
547;SANTA ANA;-33.50701289;-70.67542337
548;EL CHIMBOTANO;-33.45031561;-70.64256167
549;TIENDA UPA!-SHELL  (F.518);-33.36486258;-70.67442407
550;SR DE MURUHUAY;-33.42597867;-70.657049
551;FRANCESCA;-33.43228473;-70.67013613
552;TIENDA UPA!-SHELL  (F.163);-33.450647;-70.544071
553;ARAKNIDO;-33.38565744;-70.64019613
554;LA PIA;-33.49973442;-70.60031799
555;BIG CHANCE 2;-33.50225008;-70.60282191
556;KAVIMAR;-33.51569223;-70.67988905
557;LA KELA;-33.55838583;-70.65455873
558;SAGITARIO;-33.49923276;-70.59144484
559;LA CHILOTA;-33.37646199;-70.64473296
560;LA ESQUINA;-33.5949081;-70.62394857
561;CALVER . CERRILLOS;-33.47972286;-70.68833296
562;JACQUELINE VERGARA SN RAM;-33.53884663;-70.6345504
563;DAMU 4 LIFE;-33.4776734;-70.64957848
564;CARLOS BUSTOS-MINIMARKET;-33.46475484;-70.70460915
565;AQUILES FUENZALIDA FLORES;-33.49268128;-70.59989417
566;RAMON PONCE SN JOAQUIN;-33.50771073;-70.61419479
567;LA ECONOMICA EST CENTRAL;-33.4635234;-70.69820526
568;LOS LAZOS HUECHURABA;-33.35966644;-70.68254153
569;MARION LA PINTANA;-33.55938159;-70.62533615
570;CAROL CLUB LA GRANJA;-33.53642693;-70.61636729
571;ALMACEN DON RENE LO ESPEJO;-33.51272321;-70.67900788
572;BOTILLERIA TIMY LA PINTAN;-33.58277145;-70.6617413
573;CARMELITA EST CENTRAL;-33.46706723;-70.69296047
574;SUAREZ CAVIERES ALICIA Y;-33.51196277;-70.64841835
575;MINIMARKET HAROLDO;-33.4560795;-70.53894105
576;3 ORIENTE;-33.48057141;-70.67852394
577;PANADERIA LA REINA;-33.50274853;-70.63748526
578;MINIMARKET;-33.45396847;-70.53411111
579;BOTILLERIA NELSON;-33.52348825;-70.6230408
580;LA ESQUINA LA PINTANA;-33.57826587;-70.65399486
581;ALMACEN INFOSER LA GRANJA;-33.54501456;-70.63070088
582;GUILLERMO JAVIER VILLARRO;-33.45663562;-70.53475856
583;MINIMARKET;-33.362678;-70.50513
584;ALMACEN BERTITA;-33.51046427;-70.62074207
585;EL ALVEAR LA PINTANA;-33.55862679;-70.64902815
586;LA TURKITA;-33.54746969;-70.64581888
587;HERNAN;-33.53246885;-70.64641629
588;LOS TORITOS LA PINTANA;-33.58840027;-70.61889216
589;FARM ESPOZ;-33.54151653;-70.63396204
590;VICTOR HUGO PEDRO A CERDA;-33.49208858;-70.68387275
591;RICHY;-33.57975794;-70.64578222
592;BRISTELA MUÑOZ GARRIDO;-33.37761422;-70.61830995
593;RONALD LA GRANJA;-33.53254306;-70.6280239
594;MAMI MARIA;-33.55671881;-70.64568905
595;AMASANDERIA ROYAL;-33.50981657;-70.72904922
596;DIMAR LA PINTANA;-33.58321281;-70.655475
597;LA CASITA LO ESPEJO;-33.5071939;-70.68379353
598;SAN RAFAEL EST CENTRAL;-33.46559571;-70.69906968
599;AL PASO PUNTO BIP;-33.48238516;-70.66487239
600;TORITO;-33.517415;-70.685816
601;AL PASO PUNTO BIP;-33.47886979;-70.66505414
602;BRAVO INOX SN MIGUEL;-33.49684493;-70.64408217
603;ANGELITO ESTACION CENTRAL;-33.4486374;-70.70258441
604;MINIMARKET EMY LO PRADO;-33.44795285;-70.71224817
605;BAZAR LOS NIETOS LO ESPEJ;-33.50738589;-70.68064225
606;EL FUTURO LA PINTANA;-33.56100589;-70.65630123
607;JUAN BARRAZA SEPULVEDA;-33.582924;-70.629456
608;MINIMARKET EXPRESS LA REI;-33.44756637;-70.53859945
609;SOLEY LO PRADO;-33.45005396;-70.7373816
610;PABLO CESAR PEREZ CABRERA;-33.46665715;-70.53424629
611;EL CLAN DESTINO PAC;-33.50202274;-70.69015088
612;CLAUDIO ESPOZ ALVARES;-33.44407684;-70.72303499
613;ERBI - SAN JUAN;-33.50004432;-70.71936805
614;CLAUDIO ESPOZ ALVARES;-33.44447615;-70.73623901
615;VIVI LA PINTANA;-33.57680251;-70.65793768
616;ERBI - VITACURA (SAN JOSE MARIA ESCRIVA);-33.37576463;-70.54578427
617;LA PAPA EST CENTRAL;-33.47329351;-70.6929623
618;MINIMARKET 4 M PTE ALTO;-33.48944733;-70.62378119
619;MINIMARKET CERRO 18;-33.35374082;-70.50067315
620;TIA MAGGY MACUL;-33.49119729;-70.58702239
621;INTERNET R.A.P. CERRILLOS;-33.47628675;-70.7225296
622;DONDE CARLITOS;-33.56339224;-70.62607203
623;KENA FAST SERVICE LO BARN;-33.36416161;-70.49469361
624;CARLOS RAMIREZ CACERES LA;-33.59477603;-70.62079252
625;BOTILLERIA LOS PORTENOS S;-33.36334189;-70.63676046
626;ALMACEN SANTA INES;-33.37669141;-70.63795671
627;MARTA ELENA SALGADO GONZALEZ;-33.46837278;-70.69325501
628;BAZAR LA ABUELY;-33.39076008;-70.66970254
629;MARIA SANTANDER ALBILLAR;-33.50788196;-70.57535748
630;ESTER DEL CARMEN CASTILLO ALVAREZ;-33.519166;-70.652147
631;FRUTOS DEL PAIS BJ;-33.46845;-70.56139167
632;SANTA BEATRIZ;-33.38660225;-70.65856167
633;PANAMTUR LAS CONDES;-33.40982503;-70.57043525
634;COM MATIAS;-33.3970818;-70.67072311
635;MANOLITO CONCHALI;-33.37960269;-70.68744679
636;MAIRA CONCHALI;-33.37169023;-70.68108308
637;TEXTIL GRECIA PENALOLEN;-33.47092574;-70.54121646
638;SAVE SHOP;-33.41325213;-70.58218398
639;EL BEBE CONCHALI;-33.39670217;-70.67679105
640;ISABEL ROSA MARTINEZ  HERAS;-33.38582982;-70.65927705
641;L - L PENALOLEN;-33.47510553;-70.56618491
642;PUNTO BIP YOLANDA;-33.41699831;-70.56558811
643;WILY PENALOLEN;-33.46456986;-70.53785942
644;PAZ ANGELICA SAN MARTIN CUADRA;-33.47381534;-70.53123952
645;BAZAR MI LELA CONCHALI;-33.37729775;-70.69312466
646;CALL SERVICE CONCHALI;-33.38073637;-70.68318474
647;CANTA GALLO PENALOLEN;-33.47091592;-70.54279676
648;EL RINCON DE MASCOTAS PEN;-33.47434077;-70.54941634
649;CHIQUITA PENALOLEN;-33.47123863;-70.5444954
650;MARCELITA PENALOLEN;-33.46845785;-70.55602087
651;MINIMARKET ELIZABETH PENA;-33.47160613;-70.538411
652;PAOLITA CONCHALI;-33.39741177;-70.67947461
653;LUIS VERGARA CONCHALI;-33.36903063;-70.68797622
654;EL JUANITO PENALOLEN;-33.47652161;-70.53007244
655;DANIA;-33.47266295;-70.53579633
656;GANADERA DEL SUR PEÑALOLEN;-33.47775555;-70.56623216
657;PAUL HARRIS;-33.4163188;-70.53416241
658;SAN LUIS;-33.46866248;-70.55269043
659;LOS VIÑEDOS DEL CON PENA;-33.49532933;-70.55099674
660;MONICA MORENO VEGA LAS CO;-33.42571945;-70.55240943
661;THE GIFT LTDA;-33.40535308;-70.57333898
662;LA VARA;-33.46834786;-70.5296285
663;LA JUANITA;-33.38671146;-70.66781437
664;ERBI - LAS CONDES (SANTA ZITA);-33.42567823;-70.53459384
665;BRUJITAS FIESTAS;-33.38361757;-70.66066483
666;PESCADERIA PUERTO COLON L;-33.42354226;-70.57084341
667;BEATRIZ VILLALOBOS;-33.37339366;-70.68331808
668;LA ABUELITA;-33.47042058;-70.52532367
669;VIANAVAN PENALOLEN;-33.47788311;-70.53767601
670;DON ELIAS PENALOLEN;-33.479875;-70.531394
671;KIOSCO BIP MANQUEHUE;-33.427428;-70.564526
672;DONDE JAIME PENALOLEN;-33.46987635;-70.54249311
673;ABARROTES LA PLAZA MACUL;-33.47684475;-70.59332918
674;AMASANDERIA JOEL;-33.51450128;-70.62075965
675;L - L MACUL;-33.4786492;-70.58307218
676;ANA ISABEL VASQUEZ CANDIA;-33.5638749;-70.62202951
677;RODRIGO PENALOLEN;-33.47587561;-70.57378766
678;EL VICHITO PENALOLEN;-33.47540367;-70.53517675
679;ERNA ASEM CONCHALI;-33.37599934;-70.66622983
680;BAZAR CERRILLOS;-33.49354925;-70.70480435
681;EL RORO;-33.4988232;-70.68447365
682;MARCELO;-33.58329635;-70.63916565
683;PUELMAPU PENALOLEN;-33.47408761;-70.53012206
684;LA CENTRAL PENALOLEN;-33.46873947;-70.55501668
685;LA BUENA CARNE;-33.40287041;-70.63103636
686;ANDRES;-33.39565227;-70.72438316
687;ALBERTO BRITO MARTINEZ RE;-33.43177259;-70.64684051
688;ESTABLEC. LA GELATTA RECO;-33.39127621;-70.64117437
689;ABSA;-33.42076335;-70.65833243
690;LILY LA CISTERNA;-33.53027854;-70.66620896
691;PROVISIONES TIARA;-33.41438488;-70.67731559
692;BAZAR KITTY;-33.41571486;-70.67501747
693;LOS ARCOS;-33.52491715;-70.65442551
694;MANOLO;-33.4090024;-70.67385513
695;ISA INDEPENDENCIA;-33.41198767;-70.67026177
696;MINIMARKET NENITA RECOLET;-33.38202303;-70.65580694
697;BOTILLERIA SAN ESTEBAN;-33.38456171;-70.64969712
698;ZEUS RENCA;-33.406869;-70.740582
699;LEAL LA CISTERNA;-33.52538531;-70.66417614
700;PUNTO BIP DONDE JORGE;-33.411053;-70.73838029
701;EL TREBOL RECOLETA;-33.43059989;-70.64187282
702;BRASIL;-33.40013022;-70.74512567
703;CASSETERIA CENTER;-33.51699489;-70.65973021
704;RIDENVAN RENCA;-33.40795335;-70.73868246
705;LA ESQUINA ;-33.39955617;-70.66811933
706;PERCHI DIGITAL CENTER;-33.416554;-70.663865
707;RAUL Y XIMENA RECOLETA;-33.42250436;-70.6428172
708;MINIMARKET MARIO RECOLETA;-33.41134319;-70.62801878
709;DISTRIBUIDORA MARCEL;-33.43106006;-70.65148169
710;SANTA ELVIRA RECOLETA;-33.40066215;-70.64269701
711;D LA MARI LA CISTERNA;-33.54462849;-70.65279876
712;ERBI - AVENIDA PERU;-33.42343218;-70.63989256
713;ROSA FARIAS;-33.41054545;-70.65402616
714;DONDE TITO;-33.54030581;-70.67463528
715;BAZAR BUENA VENTURA RENCA;-33.409641;-70.725758
716;EL ESFUERZO RENCA;-33.40240328;-70.71875411
717;EL CHAMACO RENCA;-33.41002199;-70.74146469
718;ALMACEN MAR CRIS RENCA;-33.40625775;-70.7388413
719;EDUARDO LOPEZ;-33.40500532;-70.67228574
720;LAS MILBES RECOLETA;-33.42468526;-70.64577791
721;ANITA RECOLETA;-33.38020893;-70.65751606
722;LA ESTRELLITA RENCA;-33.41032457;-70.74506021
723;DONDE EL CANTA;-33.431885;-70.651537
724;JEHOVA YIRE RENCA;-33.40214075;-70.73472824
725;RENE SANCHEZ;-33.50855406;-70.66766894
726;DONDE LA ROSITA;-33.38367667;-70.67212583
727;RSV ENTRETENIMIENTOS EIRL (S);-33.430401;-70.653048
728;LEO;-33.38796782;-70.67541444
729;LA ESQUINA DEL PAISA;-33.40123361;-70.67869009
730;MINIMARKET LOS QUEÑES;-33.52124875;-70.76348589
731;BAZAR LEO;-33.53715649;-70.6746044
732;VERONICA;-33.64143324;-70.70998069
733;BAZAR TATAY;-33.59427457;-70.68203166
734;RIGOLETTO;-33.42609745;-70.61511369
735;LOS MAQUIS;-33.561342;-70.663657
736;CUATRO HERMANOS EL BOSQUE;-33.56436843;-70.68152523
737;PACOVI EL BOSQUE;-33.56466793;-70.67960176
738;ANA MARIA SILVA DODERO EL;-33.5464644;-70.6770749
739;DONDE MIS QUERIDOS VIEJOS;-33.561281;-70.662219
740;BUCANEROS EL BOSQUE;-33.55213062;-70.68911403
741;SUPER ALMACEN;-33.43265542;-70.6452158
742;COMERCIAL SEBASTIAN;-33.47224767;-70.53940504
743;LA FERIA DEL CASSETTE SN;-33.59294109;-70.70525262
744;LA PALOMA SN BERNARDO;-33.60192375;-70.68526052
745;EL ARBOLITO PUDAHUEL;-33.45740869;-70.74512686
746;ALMENDRANI SN BERNARDO;-33.563084;-70.705516
747;ZEBALLOS PUDAHUEL;-33.456459;-70.747772
748;MINIMARKET VICTORIA PUDAH;-33.44863157;-70.75489846
749;FARM ESPOZ PUDAHUEL;-33.4429152;-70.7586054
750;FARM ESPOZ PUDAHUEL;-33.44395475;-70.75353813
751;PAOLA SN BERNARDO;-33.61311374;-70.71027245
752;OLGA REGINA MEZA FUENTES;-33.43136545;-70.75846603
753;KATTY SN BERNARDO;-33.59800475;-70.68383866
754;KARINA PUDAHUEL;-33.43013453;-70.75402211
755;SANDRA SN BERNARDO;-33.50877324;-70.74454815
756;OLGA ELENA SN BERNARDO;-33.61445117;-70.70843293
757;MACROSTORE SN BERNARDO;-33.59429523;-70.70459683
758;EL PELONCITO;-33.58147236;-70.68774035
759;GAMERS SN BERNARDO;-33.58238037;-70.68011833
760;BAZAR MELISSA;-33.60134;-70.712128
761;PARAISO SAN BERNARDO;-33.57876812;-70.69792378
762;BAZAR BRISA;-33.59176939;-70.70929638
763;FARM Y PERFUMERIA SERRANO;-33.43404101;-70.76698685
764;CATHERINNE PUDAHUEL;-33.4364375;-70.76730587
765;ANGELICA PUDAHUEL;-33.4584228;-70.73892386
766;EL LULO PUDAHUEL;-33.46035751;-70.75543977
767;INGRID PUDAHUEL;-33.46851146;-70.73082064
768;MINIMARKET HOLLYWOOD PUDA;-33.45764323;-70.75485636
769;DONDE PANCHO;-33.45527809;-70.7550103
770;MINIMARKET FERNANDITA PUD;-33.462234;-70.749462
771;EL PEQUENO PUDAHUEL;-33.43146302;-70.74791469
772;SONIA PUDAHUEL;-33.43099833;-70.74278809
773;JANET OPAZO;-33.43628862;-70.75554228
774;LA BODEGUITA PUDAHUEL;-33.46534913;-70.74783596
775;GISELLE PUDAHUEL;-33.44499871;-70.76990123
776;RUFINA PUDAHUEL;-33.445429;-70.759383
777;ROSA AURORA VEJAR MUNOZ P;-33.43167562;-70.74805057
778;MILAGRO PUDAHUEL;-33.45953261;-70.7561085
779;FARM ARAVIL PROVIDENCIA;-33.42607666;-70.61482773
780;LUCHITO PUDAHUEL;-33.4655;-70.732815
781;OPTICA LOS ALPES;-33.42208513;-70.6105608
782;CHINITA;-33.42013926;-70.60710372
783;RENACA EXPLOTE PROVIDENCIA;-33.43437847;-70.61668312
784;MARIA;-33.43972654;-70.61993756
785;EL AGUILUCHO PROVIDENCIA;-33.44259466;-70.59451988
786;FERRETERIA NUEVA BILBAO P;-33.43710725;-70.60068563
787;POLLA LOTERIA LOTO;-33.43137034;-70.60975562
788;TODO SABROSO MARKET PROVIDENCIA;-33.43357846;-70.61954423
789;BAZAR ENTRES DOS;-33.44051536;-70.61543925
790;AXEL QUILICURA;-33.33889833;-70.71070167
791;NICOLE QUILICURA;-33.36250671;-70.73850157
792;BERNARDITA QUILICURA;-33.37034394;-70.72129821
793;MARIA ALICIA DIAZ VELOZO;-33.37167637;-70.71664981
794;REGINA CLEMENCIA ZUNIGA B;-33.35948294;-70.75244701
795;NICOLAS QUILICURA;-33.35934847;-70.71772995
796;CONNY QUILICURA;-33.35310272;-70.7456464
797;ALMACEN MIRIAM QUILICURA;-33.36404003;-70.74922012
798;EL ZAR QUILICURA;-33.34870066;-70.74023792
799;PIMIENTA Y CANELA;-33.35202345;-70.73390259
800;CONIMAX QUILICURA;-33.36231768;-70.75742318
801;SANTA CORINA;-33.45529119;-70.60246044
802;LIBRERIA STUDIO NUNOA;-33.45546354;-70.59312694
803;ALMACEN EL TITO QUILICURA;-33.35004179;-70.7226608
804;YASNA QUILICURA;-33.36063138;-70.75369885
805;M Y M QUILICURA;-33.36449664;-70.73340096
806;PATITO QUILICURA;-33.35648368;-70.74998172
807;LA PLUMA NUNOA;-33.44600192;-70.6061936
808;LOS BIANCOS;-33.47065;-70.58686872
809;COM NINO NUNOA;-33.45158624;-70.62718765
810;BELORADO NUNOA;-33.44999674;-70.62036234
811;EL RINCON NUNOA;-33.45166628;-70.61681379
812;YULI QUILICURA;-33.3637617;-70.74933226
813;KIOSCO NANCYTA NUNOA;-33.47072976;-70.61341947
814;BIP INTERNET POLLA LOTERIA RECARGAS;-33.46419005;-70.60120931
815;MANOLITO  ;-33.4700601;-70.61579794
816;CARYMBOS´Z;-33.46815175;-70.58202784
817;PAOLA CASTRO CASTILLO NUN;-33.45376913;-70.57261902
818;LOS VINEDOS DEL CON. NUNO;-33.45500024;-70.61240075
819;EKEKO NUNOA;-33.45529097;-70.58851205
820;COMERCIAL FRITZ LTDA;-33.44652747;-70.58514976
821;SAN PANCRACIO QUILICURA;-33.36575137;-70.72644451
822;CARLOS MORALES QTA NORMAL;-33.44096229;-70.70470249
823;TIA ZUNI QTA NORMAL;-33.41653532;-70.71201085
824;EL SHADDAI;-33.36061026;-70.74591615
825;BAZAR VALENTINO;-33.36662418;-70.71362763
826;DANA QTA NORMAL;-33.42251743;-70.69008763
827;MIGUEL PACHECO QTA NORMAL;-33.42469634;-70.70352924
828;VIDEO CLUB FERNANDA QTA N;-33.41268781;-70.71453712
829;FARM ESPOZ QTA NORMAL;-33.42254129;-70.6959121
830;MACARENA QTA NORMAL;-33.42660943;-70.71445313
831;TEKNIVISION;-33.42686229;-70.69283956
832;IBANEZ QUINTA NORMAL;-33.42792265;-70.70780442
833;AVICOLA AARON;-33.42737318;-70.70923746
834;BAZAR MP 7;-33.41274077;-70.72021202
835;YASNA Y CARLITOS;-33.42158709;-70.71809107
836;JORGE DIAZ EIRL;-33.42318036;-70.7109945
837;MI CHIQUITA;-33.42973599;-70.74275174
838;ALMACEN OESTE CERRO NAVIA;-33.41681204;-70.7495999
839;CARLOS HUMBERTO VEJAR MUN;-33.42604146;-70.74431176
840;SANTA CECILIA CERRO NAVIA;-33.418126;-70.765152
841;CYNTHIA CERRO NAVIA;-33.43684126;-70.72697096
842;M Y F;-33.4152424;-70.7674376
843;JC CERRO NAVIA;-33.418337;-70.729302
844;VICTORIA CERRO NAVIA;-33.41844849;-70.71970593
845;AGUCHAVE CERRO NAVIA;-33.41701859;-70.72729343
846;SANTA MARIA CERRO NAVIA;-33.41778876;-70.76526912
847;BOTILLERIA GERALDINE CERR;-33.43467274;-70.73329193
848;EL NACHO CERRO NAVIA;-33.42124126;-70.74680618
849;DONDE LA ABUELA CERRO NAV;-33.41546205;-70.74054895
850;AUDINA DIAZ CERRO NAVIA;-33.41463528;-70.75446151
851;COM MAGALY CERRO NAVIA;-33.41513585;-70.73944918
852;LAPICITO;-33.41734716;-70.76203631
853;KIOSKO;-33.4169126;-70.59777189
854;JOSE LUIS;-33.4348892;-70.58864248
855;EL CISNE;-33.56611016;-70.67483387
856;COM DEUTSCHI;-33.39686605;-70.72303515
857;BAZAR NOR YEN CERRO NAVIA;-33.41905976;-70.75475425
858;MINIMARKET AHORA SI ;-33.42464803;-70.73279667
859;EL GUATON VERA;-33.4224045;-70.74669403
860;ROSALIA ELIANETH ARANZAEZ;-33.43353933;-70.72260622
861;ERNA TROPAN;-33.42989792;-70.76309458
862;ERBI - SANTA ROSA;-33.44634833;-70.64552389
863;LULY;-33.51445161;-70.58726578
864;ALMACEN LA ESQUINA ;-33.57308307;-70.60153004
865;LAS TRES HERMANAS;-33.5865825;-70.58939683
866;MI AMIGA FELIZ MARLENE;-33.47641178;-70.72448141
867;LA VEGUITA;-33.496585;-70.74397111
868;CIBERGAMERS;-33.58051965;-70.55483076
869;NACIMIENTO;-33.50771262;-70.79053815
870;LA CAMPANA QTA NORMAL;-33.42094269;-70.71171936
871;ROSA  ;-33.41823888;-70.7393489
872;RENE PTE ALTO;-33.58065178;-70.556202
873;MARSAN PTE ALTO;-33.59448667;-70.56803292
874;PUNTO BIP JUNNY PTE ALTO;-33.58062513;-70.55839859
875;MARSAN PTE ALTO;-33.59738003;-70.57312698
876;VERONICA ROJAS PTE ALTO;-33.55777658;-70.55065583
877;EL CHAYAVIENTOS PTE ALTO;-33.58224125;-70.57131338
878;TRINIDAD PTE ALTO;-33.5718143;-70.57188474
879;CARNICERIA RP PTE ALTO;-33.58434706;-70.55498133
880;CACHUREO PTE ALTO;-33.56360486;-70.56659569
881;GLADYS HERNANDEZ FLORES P;-33.57606325;-70.57586492
882;SANTA ELVIRA PTE ALTO;-33.6196539;-70.61946124
883;EL ALBA PTE ALTO;-33.55060514;-70.55821264
884;BAZAR VIKINGO PTE ALTO;-33.57675366;-70.56970397
885;CENTRO T Y T;-33.58799392;-70.59975399
886;NOCEDAL PTE ALTO;-33.625508;-70.593881
887;LA VECI;-33.51571625;-70.58278146
888;BAZAR;-33.48064182;-70.59172645
889;DONDE MARGARITA;-33.5365479;-70.58466438
890;MINIMARKET KAREN LA FLORI;-33.56978123;-70.59178151
891;ENRIQUE SANHUEZA OSSES (C);-33.522618;-70.579019
892;CHO CHOL LA FLORIDA;-33.55196053;-70.60824293
893;YENNEVA;-33.35707248;-70.74139511
894;COMERCIAL JAIME;-33.36772722;-70.71690417
895;LA MAMI;-33.54662705;-70.60682913
896;BELEN LA FLORIDA;-33.5646802;-70.59832025
897;DAYANA LA FLORIDA;-33.5530648;-70.57941577
898;ELENA SOTO BENAVIDES LA F;-33.53598;-70.580742
899;ERBI - LA FLORIDA;-33.5276372;-70.5785632
900;ALISON;-33.5548618;-70.5695765
901;EL VECINO;-33.51081444;-70.58071071
902;WALDO CHRISTIAN RUBIO LA;-33.54975932;-70.56680329
903;ALEJANDRO OLIVARES J LA F;-33.5505838;-70.6082311
904;JUAN AVILES LA FLORIDA;-33.56391;-70.61022
905;SANTA HELITA LA FLORIDA;-33.5178366;-70.5792151
906;ALMACEN GEMITA;-33.50583233;-70.67806633
907;SANTA TERESITA;-33.43175754;-70.76758018
908;ALMACEN GUILLERMINA MAIPU;-33.5107584;-70.78937681
909;LA PANCHITA MAIPU;-33.51529667;-70.78061762
910;SERVICIO TOTAL MAIPU;-33.50890995;-70.75823032
911;FARM PRINCIPAL MAIPU;-33.50912673;-70.75825567
912;LAS VENTANAS MAIPU;-33.51609892;-70.74837946
913;MARY MAIPU;-33.47228728;-70.7327878
914;ALMACEN NICOLE;-33.46837182;-70.75545711
915;JUEGOS BIP MAIPU;-33.47185115;-70.74858419
916;LA EMERGENCIA MAIPU;-33.50103576;-70.74541463
917;DELFA MAIPU;-33.50812291;-70.79747825
918;ACIERTO EIRL;-33.51036202;-70.7579815
919;FARM PRINCIPAL MAIPU;-33.51079445;-70.75963399
920;FARM ESPOZ MAIPU;-33.50932892;-70.75869322
921;LA VEGUITA MAIPU;-33.51738726;-70.79465539
922;MINIMARKET MELITA MAIPU;-33.52084833;-70.75944333
923;BOTILLERIA ROYAL MAIPU;-33.52704742;-70.77332103
924;SANTA ENRIQUETA MAIPU;-33.51878106;-70.7845547
925;PANADERIA SUPER PAN;-33.50452471;-70.73864587
926;JAMES PAUL FLORES ALCANTARA;-33.40707054;-70.64307581
927;GENESIS MAIPU;-33.53523042;-70.78729667
928;ALMACEN EL VECINO;-33.56490655;-70.77675065
929;AINHOITA;-33.47918232;-70.74652417
930;ELIZABETH MAIPU;-33.53516496;-70.78501373
931;SANTA TERESA MAIPU;-33.49493175;-70.74177861
932;ERBI - MAIPU;-33.52127603;-70.77270506
933;ANTONELLA MAIPU;-33.51554676;-70.79713257
934;EL FILODENDRO MAIPU;-33.56641228;-70.78322941
935;SILVANA SAAVEDRA GARCIA M;-33.53849966;-70.77759839
936;CARYPED;-33.54117452;-70.78620725
937;D LUKAS MAIPU;-33.50932732;-70.79516822
938;NICO MAIPU;-33.5250472;-70.79652515
939;LA ESQUINA;-33.49564432;-70.73471023
940;PATODOS;-33.510172;-70.749986
941;ALMACEN CHOLI MAIPU;-33.51086;-70.790428
942;CLAUDIO MARCELO;-33.558049;-70.790555
943;JUANA CORTES;-33.43806262;-70.65565905
944;LIBRERIA PINOCHO SANTIAGO;-33.45135426;-70.67419649
945;PANAMTUR SANTIAGO;-33.43947455;-70.65073311
946;LIBRERIA PINOCHO SANTIAGO;-33.45108665;-70.67744292
947;ERBI - PORTUGAL;-33.44791358;-70.63521919
948;CONFITERIA LOS PEQUES SAN;-33.43848368;-70.65238425
949;DUCAL SANTIAGO;-33.43590802;-70.65809534
950;SANTA TERESITA SANTIAGO;-33.42920522;-70.67510834
951;PROMARKET;-33.46509972;-70.64167659
952;BOTILLERIA DON CESAR SANT;-33.46975591;-70.64809485
953;BRAVO Y JARA LIMITADA SAN;-33.44374179;-70.64385126
954;AYLINE;-33.43473821;-70.66775177
955;RED SERVICE;-33.45602603;-70.65216904
956;DON PATO ;-33.46824879;-70.64650743
957;PANADERIA STANDARD STGO;-33.47327921;-70.67146045
958;PAN SANTIAGO;-33.43152665;-70.67860257
959;EVITA;-33.46347299;-70.63808661
960;A.B.C.A.D.;-33.45719226;-70.66830275
961;LA UNIVERSAL SANTIAGO (C);-33.46732405;-70.6368669
962;EL ARCA DE NOE SANTIAGO;-33.43464144;-70.66520443
963;NELIDA JEANNETTE DEL PILA;-33.47054878;-70.62846891
964;DANY SANTIAGO;-33.47483109;-70.63686158
965;PRALINE;-33.44911774;-70.65509423
966;PARINACOTA JOYAS SANTIAGO;-33.43701291;-70.64959414
967;PROIN SANTIAGO;-33.44529657;-70.6676463
968;LOS TOPOS;-33.47282292;-70.65617722
969;VANESSA;-33.46837799;-70.67681101
970;DIARIOS Y REVISTAS;-33.4430225;-70.64510583
971;OASIS;-33.55895339;-70.57963397
972;LA CASERITA;-33.37197095;-70.71783834
973;CAVA;-33.55719167;-70.55969
974;MARIA ANGELICA;-33.43244045;-70.75055553
975;KIOSKO CRISTIAN;-33.44495639;-70.59756398
976;ALEJANDRA;-33.453732;-70.531267
977;KIOSKO;-33.4236564;-70.61086054
978;VICTORIA ILUSION;-33.40102403;-70.66178336
979;KAMMY;-33.64303454;-70.66863322
980;MICHAEL;-33.46022417;-70.75208869
981;EL PROGRESO;-33.40405167;-70.637065
982;LAURA PAMELA;-33.42510687;-70.65406301
983;GIRASOL;-33.52131227;-70.77369006
984;VIVIANA NOVOA QUEZADA;-33.50743652;-70.78322806
985;EL RUBIO;-33.431779;-70.650474
986;RSV ENTRETENIMIENTOS EIRL (S);-33.44400662;-70.72020054
987;MARTA SANTIBAÑEZ;-33.49842853;-70.62677644
988;JUDITH;-33.40542726;-70.66170155
989;JUANITO;-33.49526767;-70.58809762
990;CORAOS;-33.50752297;-70.786205
991;NANYVAN;-33.49738584;-70.74764979
992;LA PUNTA DE DIAMANTE;-33.38065297;-70.67109022
993;TIENDA UPA!-SHELL  (F.149);-33.36021004;-70.67056062
994;SANTA TERESITA PENALOLEN;-33.4663071;-70.56046365
995;URIEL ORDOÑES;-33.38687939;-70.56461064
996;SUPER MARIO;-33.52095417;-70.63608583
997;LAS PEQUES;-33.41222813;-70.5375215
998;SANDRA TAPIA;-33.37711114;-70.62690822
999;ESTESY Y BENJY;-33.36515202;-70.74645902
1000;LA BOTICA CUBANA;-33.42806495;-70.64636243
1001;EL BROTHER;-33.48766544;-70.58267096
1002;KIOSCO;-33.46962533;-70.5819905
1003;PLAZA LILLO;-33.45819918;-70.60743318
1004;FARMACIA LORENA;-33.42530344;-70.56337089
1005;WELLA;-33.40699403;-70.73760307
1006;NUEVO AMANECER;-33.5406042;-70.78587087
1007;GIPSLIN;-33.50591341;-70.75096111
1008;DONDE CARLITOS;-33.36009884;-70.68735921
1009;CONI;-33.50092595;-70.77231857
1010;FLORES HERMANOS;-33.42613554;-70.6511356
1011;MA Y CE;-33.473887;-70.554451
1012;DONDE JUANITO CONCHALI;-33.38941315;-70.66154426
1013;KATALINA;-33.40921269;-70.74158569
1014;CARMELO;-33.42924912;-70.73573289
1015;LO ALMENDRO LTDA.;-33.46206942;-70.61195039
1016;PIN PON;-33.505787;-70.782127
1017;DYLAN Y JAVIERA;-33.508611;-70.681617
1018;LOS VINEDOS DEL CONSISTORIAL;-33.45145725;-70.58563183
1019;AIRE;-33.64019204;-70.69693393
1020;ISRAEL;-33.50879049;-70.62858748
1021;AYLIN;-33.45184578;-70.53815781
1022;PATO  ;-33.46275414;-70.7614271
1023;ERBI - PROVIDENCIA;-33.44272855;-70.5957698
1024;ERBI - CERRILLOS (LOS ESTUDIANTES);-33.51120142;-70.71910203
1025;ERBI - CONCHALI;-33.36723583;-70.68895458
1026;ERBI - MACUL;-33.48097042;-70.59957621
1027;ERBI - LAS CONDES 2;-33.41856316;-70.59841949
1028;ERBI - PEDRO AGUIRRE CERDA;-33.48014436;-70.6759854
1029;ERBI - SAN DIEGO;-33.45345472;-70.64996314
1030;ERBI - SAN DIEGO 2;-33.45764333;-70.64946278
1031;ERBI - SAN PABLO;-33.44301836;-70.71567708
1032;ERBI - SAN BERNARDO;-33.63892856;-70.70795754
1033;ERBI - LA CISTERNA;-33.52860614;-70.66175812
1034;LAS CARMELITAS;-33.40827559;-70.64353737
1035;ANGELITO  ;-33.46853469;-70.61721063
1036;NELIDA;-33.58986323;-70.60072228
1037;PERLA;-33.45530496;-70.59602003
1038;LAS CUATRO JEHOVA;-33.39237686;-70.67426621
1039;DONDE EL PABLO;-33.61434359;-70.62256303
1040;FABIOLA;-33.56596207;-70.57665454
1041;FORESTAL;-33.36773388;-70.69311777
1042;E OASIS;-33.45322271;-70.56852833
1043;CAROLINA;-33.51194167;-70.79061
1044;CYBERNAUTA;-33.51143176;-70.75494798
1045;BELEN;-33.42784667;-70.73158119
1046;CRISTOBAL;-33.56618861;-70.70178583
1047;DONDE LA KATITA;-33.47127856;-70.56276069
1048;PATRICIA;-33.47549062;-70.68473127
1049;BERNARDITA;-33.61601412;-70.70545126
1050;EL MAX;-33.56201141;-70.61865758
1051;LI;-33.59007719;-70.67506664
1052;M Y R;-33.39593868;-70.62645005
1053;TIENDA UPA!-SHELL  (F.195);-33.54243071;-70.63623466
1054;SAN DANIEL;-33.51705067;-70.7005045
1055;LA MARITA;-33.35150993;-70.72860221
1056;VANESSA;-33.44514411;-70.55487126
1057;ALMACEN;-33.56918071;-70.6594234
1058;AMERICAN;-33.41280329;-70.60417161
1059;DON BOSCO;-33.45146932;-70.63259874
1060;ARCELISA;-33.44628652;-70.67804976
1061;LAS 5 DELICIAS;-33.62554286;-70.62553424
1062;ANNABELLA (C);-33.57499075;-70.65456601
1063;JORGE (C);-33.368661;-70.720501
1064;COMERCIALIZADORA (C);-33.59787434;-70.68470939
1065;EBEN EZER  ;-33.4927958;-70.71388482
1066;EL NOGAL 7;-33.45142012;-70.76129283
1067;NICOL;-33.51907656;-70.61767516
1068;JOCELIN;-33.52109343;-70.64531735
1069;JUANA  ;-33.4286295;-70.772225
1070;UNO MAS  DOS;-33.40122333;-70.67118083
1071;LA FERIA;-33.37908494;-70.6807542
1072;JUAN CARLOS;-33.37972467;-70.66735583
1073;DON JULIO;-33.43481351;-70.71552334
1074;HACIA EL FUTURO;-33.35767931;-70.68877812
1075;ANDRES;-33.41965844;-70.75697946
1076;JANAOS;-33.43897322;-70.7235364
1077;SHALOM;-33.46644295;-70.68871326
1078;MARIO  ;-33.56402466;-70.64328995
1079;BETO;-33.49639266;-70.66814295
1080;SANTA MARIA ;-33.50317623;-70.77712499
1081;LA ESKINA;-33.52981782;-70.65890414
1082;LA ESPIGA DE ORO;-33.58851214;-70.56467079
1083;EDUARDO DE LAS FLORES;-33.44064992;-70.54332842
1084;KARINA;-33.45795194;-70.67197952
1085;SOL DEL CIELO;-33.56094544;-70.60531396
1086;IVAL;-33.59777157;-70.6735582
1087;GABY;-33.4983457;-70.7644313
1088;EL TOPE;-33.50953993;-70.76628585
1089;SAN SEBASTIAN;-33.515744;-70.77105359
1090;MARTITA;-33.52518654;-70.765008
1091;SNOOPY;-33.57722838;-70.67357565
1092;XD MARKET;-33.56134759;-70.62326537
1093;COMERCIAL SAVAN E RM;-33.4723075;-70.53895839
1094;DONDE CALISTO;-33.54562879;-70.66706023
1095;DE LAS CARTERAS;-33.51425492;-70.67686774
1096;FLORES HERMANOS;-33.43908446;-70.72368323
1097;CONTINENTAL EXPRESS;-33.43657478;-70.65354798
1098;EL MERCADITO  ;-33.41765981;-70.69919963
1099;EL BOLICHE;-33.55676365;-70.63465808
1100;JOSE ANDRES FARIAS LLANCA;-33.46020211;-70.75306535
1101;EL NANO;-33.57953411;-70.63852052
1102;CASTILLO MARKET;-33.431563;-70.67393114
1103;KIOSKO;-33.43848147;-70.64714386
1104;TODO MARKET;-33.44942837;-70.64054211
1105;KIOSCO;-33.49935817;-70.71542486
1106;COMERCIAL RAVOL LTDA;-33.5022086;-70.67627891
1107;ANGELA;-33.47729581;-70.73185244
1108;BICHITOS;-33.55414994;-70.60220732
1109;TOPACIO;-33.56020345;-70.60936943
1110;JACQUELINE  ;-33.56317851;-70.64111797
1111;EL GATO;-33.54983804;-70.6901185
1112;INTERNET SAN LUIS LIMITADA;-33.50619118;-70.57788124
1113;CAVANET;-33.44741175;-70.6412564
1114;DON TITO;-33.44269714;-70.74522863
1115;LA ESQUINA;-33.36752928;-70.69163088
1116;OMAR NAVARRETE CURTI;-33.50020916;-70.62815866
1117;KIOSKO;-33.51509262;-70.79717369
1118;"BOTILLERIA ""ONUCHA""";-33.56114392;-70.63178533
1119;TOMASITO DOS;-33.58134103;-70.66063029
1120;EL CHICHO;-33.43107836;-70.7695843
1121;BOTILLERIA NATY;-33.48643613;-70.67444013
1122;DONDE MANOLO;-33.474495;-70.70033167
1123;LA MOTO;-33.57755718;-70.63482424
1124;BELEN Y JAIN;-33.44912064;-70.69382224
1125;FARMACIAS ESPOZ S.A.;-33.43809487;-70.69092161
1126;EL PULPITO;-33.51948249;-70.63141344
1127;D TECNO OFFICE;-33.4530186;-70.68023855
1128;BAZAR ESPERANZA;-33.41375932;-70.72211121
1129;BAZAR NANY;-33.42743579;-70.74736237
1130;DANY;-33.42926;-70.674304
1131;DANNY;-33.59441775;-70.61744769
1132;JEREMY;-33.43665203;-70.7673586
1133;EL BICHO;-33.50736917;-70.56978688
1134;EL PARRON;-33.56003594;-70.63790793
1135;COMERCIAL LUNITA;-33.47173316;-70.54059956
1136;IVONNE;-33.48018696;-70.66338984
1137;ALMACEN ROSITA;-33.43080065;-70.7469984
1138;IVAN-JOR;-33.48682004;-70.63062824
1139;CARNICERIA ALEX;-33.51183941;-70.62593325
1140;CLAUDIO ELESTOR SEPULVEDA GOMEZ;-33.57500312;-70.65447421
1141;DON PEPE;-33.57801553;-70.65663882
1142;MINIMERCADO 21 DE MAYO;-33.57562838;-70.65618238
1143;GUILLERMO LOPEZ GAUNA;-33.44393061;-70.64983255
1144;ALONDRITA;-33.40273037;-70.72087655
1145;PAZ MARIA YEOMANS LOPEZ;-33.46221059;-70.64170691
1146;LA CASCADA;-33.53105537;-70.78274468
1147;ALMENDRAL;-33.43935467;-70.75734529
1148;CRISTOBAL;-33.4005049;-70.74006887
1149;PEDRO HENRRIQUE GARRIDO HERNANDEZ;-33.40338238;-70.67686345
1150;S Y S;-33.41312391;-70.71638344
1151;FLORENCIA;-33.49247409;-70.6372575
1152;EDUVIJES DEL CARMEN RIVAS ECHEVERRIA ;-33.40987544;-70.72901367
1153;CYBER;-33.362071;-70.745758
1154;TABAQUERIA;-33.44176752;-70.65194928
1155;JUEGOS DE AZAR;-33.43442196;-70.65250476
1156;ALMACEN RODRIGO (C);-33.45613762;-70.63695852
1157;EL FABBI;-33.47714238;-70.63799843
1158;LA NEGRA;-33.56131358;-70.70812019
1159;EL PINAR;-33.49407456;-70.62563344
1160;ARMANDO ANTONIO QUIÑINAO ÑANCUPAN;-33.47053813;-70.57112
1161;MINIMARKET;-33.54065044;-70.68159769
1162;LOS CIPRESES;-33.36875392;-70.75122386
1163;PRODUCTOS A4;-33.41680122;-70.6586884
1164;ALMACEN DONDE MATIAS;-33.47698817;-70.56072401
1165;ALMACEN KRISHNNA;-33.46915754;-70.55832299
1166;MARISOL PEZOA ARANGUIZ (C);-33.45454936;-70.59927062
1167;ROXANA LORENA BASILIO HILARIO (C);-33.46131597;-70.64732233
1168;DIEGO NET@ (C);-33.45537879;-70.69620626
1169;KATIA POLO MORILLOS (C);-33.389242;-70.670649
1170;JOANANNA Y JOSE (C);-33.48814017;-70.6799392
1171; MARCOS BAEZ SEPULVEDA (C);-33.39212944;-70.66877172
1172;LUIS ROJAS JAQUE (C);-33.504455;-70.76916667
1173;LUIS ROJAS JAQUE (C);-33.51077306;-70.79070506
1174;SEBASTIAN;-33.57180201;-70.7073267
1175;MARIA JARA VEJAR;-33.39255267;-70.58128328
1176;CARLOS ALBERTO CAMPOS BRAVO;-33.50272;-70.595848
1177;Gladys Llerme Mori  Amacifuem;-33.44010437;-70.70211109
1178;BOTILLERIA LOS VERA;-33.3833;-70.9
1179;IQUIQUE;-33.43319186;-70.75499477
1180;INES LEIVA SILVA;-33.45186193;-70.721931
1181;ANAKAREN;-33.43459065;-70.76090648
1182;JUAN;-33.40849125;-70.71697676
1183;EBEN EZER ;-33.49315801;-70.6758802
1184;PATRICIO ANTONIO RETAMAL JARA;-33.55077548;-70.61796805
1185;LA MAMY;-33.47007461;-70.54429507
1186;FULL MARKET;-33.595732;-70.679264
1187;JUANA CALCUMIL REYES;-33.48391646;-70.66082028
1188;JAIMITO;-33.48198304;-70.66062599
1189;LA CHASCONA (C);-33.5325599;-70.56579833
1190;EL TOMECINO;-33.51916291;-70.56650696
1191;JUAN CARLOS MILLAN SEPULVEDA;-33.3838405;-70.66992992
1192;YAYU;-33.459843;-70.762627
1193;ALANYS Y RANDY;-33.4604995;-70.65506987
1194;TIENDA UPA!-SHELL  (F.592);-33.60956509;-70.5403056
1195;PANCHITA;-33.434856;-70.77491
1196;BUENA SEMILLA;-33.36637418;-70.72323439
1197;CAMY;-33.54727564;-70.76015443
1198;ANMAROAN;-33.53961832;-70.6344911
1199;EL ORIENTE;-33.60125105;-70.68910415
1200;FLORITA;-33.48436758;-70.59917793
1201;MANUEL MUÑOZ FAMBUENA;-33.4393279;-70.63891998
1202;MARIA BENAVENTE;-33.44434274;-70.72431082
1203;EL GALLO;-33.41334409;-70.70852112
1204;LA LIMEÑITA;-33.4675095;-70.646927
1205;SOC. COMERCIAL BELMAR Y ROJAS LTDA;-33.47924763;-70.60413948
1206;EL CASTILLO;-33.57199034;-70.67016051
1207;CAAN GOOL CRIS;-33.43867003;-70.61570642
1208;SHALOM;-33.44823231;-70.63262158
1209;PATITO;-33.51953173;-70.58433391
1210;EL EMPORIO VERDE LIMITADA;-33.37815304;-70.63915984
1211;ANGIE;-33.40134212;-70.64581245
1212;DON FRANCIS;-33.44654058;-70.64568231
1213;EL GLOTON (C);-33.42540867;-70.7192508
1214;RODRIGO;-33.500772;-70.731358
1215;SAJOWALDANA;-33.38735244;-70.65367916
1216;DONDE LA ANY;-33.60534057;-70.5633016
1217;CIBERNAUTA.NET;-33.41744203;-70.6969399
1218;EL SALVAVIDAS;-33.3834;-70.676521
1219;ROCKY;-33.5090519;-70.79034129
1220;MINIMARKET PEPE;-33.42967403;-70.73978227
1221;POLLA Y LOTERIA;-33.44440126;-70.65159746
1222;EVELYN;-33.51316466;-70.78490872
1223;SHAGUITO;-33.50331068;-70.79228056
1224;BRASIL;-33.52174575;-70.79423135
1225; SUPERIOR;-33.63194156;-70.61641594
1226;BAMBI;-33.40764861;-70.73125465
1227;LA JOVY;-33.58548889;-70.58991365
1228;LA ESQUINA;-33.625496;-70.612549
1229;ZONA TABACO;-33.37891;-70.638779
1230;FAMILIA DE ISAI;-33.36658494;-70.62973661
1231;BAZAR DEYKA LTDA.;-33.58312681;-70.59181508
1232;BOTILLERIA LIBERTAD;-33.41071417;-70.63658635
1233;DON KIKO;-33.47523697;-70.56098601
1234;GENNESIS;-33.42920639;-70.77214257
1235;ALMACEN EL AÑE;-33.59396558;-70.67903692
1236;TRES HERMANOS;-33.56405086;-70.62643891
1237;LOS NONOS;-33.38651339;-70.65931713
1238;PUERTA DEL CIELO;-33.55035381;-70.57405358
1239;EL VECINO;-33.55625784;-70.65211142
1240;FLORES HERMANOS;-33.42706519;-70.65027507
1241;SANTA OLGA;-33.50743293;-70.68547326
1242;ERICKO;-33.48095913;-70.5664934
1243;SERVICELL;-33.451916;-70.68129
1244;MEME;-33.48674125;-70.76859858
1245;La Ventanita;-33.526741;-70.698753
1246;DON PROMO;-33.54894462;-70.76129518
1247;CONCESIONARIA CASINO;-33.52807956;-70.71519158
1248;HASSMARKET;-33.5536703;-70.5706243
1249;TIA PATY;-33.63187667;-70.6228763
1250;BAYRON;-33.56112389;-70.62105806
1251;KIOSCO ANITA;-33.46246989;-70.61610011
1252;MUSTAFA;-33.36981167;-70.74683167
1253;JEHOVAH YIREH;-33.40890131;-70.74243744
1254;IRMA;-33.51859671;-70.77009175
1255;EDUARDO;-33.53596966;-70.7910588
1256;DON RAUL;-33.47780354;-70.59109649
1257;NIC-SJR;-33.5257721;-70.79237212
1258;LAS CHINAS;-33.49514123;-70.59172659
1259;DOÑA FLOR;-33.48361225;-70.58928112
1260;LA PAZ DE SAN MARTIN;-33.50275667;-70.729275
1261;DONDE CARLITOS;-33.50381743;-70.73099416
1262;ALMACEN SONIA;-33.42213688;-70.65724264
1263;ALMACEN PATRICIA;-33.42159998;-70.67019743
1264;CENTRO DE INTERNET;-33.41293801;-70.65842401
1265;ALMACEN - BAZAR;-33.40369721;-70.69259027
1266;PLAZUELA EL NOGAL;-33.44561909;-70.69125638
1267;PATRICIA VILLAROEL GONZALEZ;-33.49802144;-70.72769456
1268;DON JUAN ;-33.49433961;-70.72492398
1269;DIONE;-33.44395758;-70.67771773
1270;MANUEL;-33.50708833;-70.75181592
1271;PAOLA;-33.39102005;-70.65958982
1272;DON PEPE;-33.43054723;-70.55460021
1273;EL 21 DE QUERI;-33.44757247;-70.74837475
1274;DON REINA (C);-33.47412116;-70.59028159
1275;LA VIVI;-33.50311083;-70.7291185
1276;PABLO SELAIVA ULLOA;-33.49119795;-70.71224026
1277;COMERCIAL ENTRETENIMIENTOS SMR SPA (S);-33.44413529;-70.75350901
1278;SEÑORA RAQUEL;-33.54890375;-70.5760205
1279;APTC MASCOTAS;-33.52816338;-70.63746183
1280;JANNETTE;-33.42203824;-70.72046257
1281;ANCLAMAR;-33.552902;-70.581378
1282;ALMACEN Y BAZAR;-33.40456985;-70.72272467
1283;ALMACEN LOYDITA;-33.401264;-70.674675
1284;CAMILITA;-33.48659218;-70.72896555
1285;EMILIANA;-33.42086973;-70.70755021
1286;GADAKY;-33.58629;-70.673999
1287;MARCELA JACQUELINE FEMINIAS GONZALEZ;-33.41708848;-70.75613975
1288;TOM;-33.43195742;-70.73266869
1289;LORENA;-33.46426907;-70.55413964
1290;DON REMI;-33.40659336;-70.72072257
1291;MANOLO;-33.41450016;-70.68021907
1292;VALESKA;-33.45901671;-70.68946564
1293;ALMACEN LOS BASTIAS;-33.47398543;-70.69454997
1294;FARMACIA Y PERFUMERIA BENJAMIN;-33.43006667;-70.65353
1295;EL RAMBO;-33.45876444;-70.65440389
1296;LA ESQUINITA;-33.47559615;-70.69468426
1297;GONZALO ESTEBAN CARVACHO BUSTAMANTE;-33.45369995;-70.68891449
1298;IGNACITA (C);-33.39837737;-70.74968806
1299;LAS DELICIAS;-33.40335515;-70.71279085
1300;M&S;-33.54225492;-70.78762156
1301;MILLARAY;-33.57845519;-70.60060088
1302;LOS ANGELES;-33.52486167;-70.64006333
1303;L Y M;-33.35810145;-70.75120206
1304;LA SARITA;-33.35645163;-70.75396292
1305;DONDE LA CLAUDIA;-33.36323303;-70.75938274
1306;MAR Y SOL;-33.35489494;-70.7182386
1307;MAXIPAN LTDA.;-33.43057019;-70.71996852
1308;JUANITO;-33.50168189;-70.73469285
1309;EL PAMPINO;-33.49614078;-70.72708036
1310;TOÑITO;-33.5370886;-70.67057354
1311;BOTILLERIA DONDE ALICIA;-33.38512326;-70.66711451
1312;ALMACEN LION OF JUDASH;-33.39077046;-70.67032744
1313;LOS CHUQUIS;-33.58250021;-70.70517955
1314;POLO;-33.54056313;-70.68184186
1315;SAN JOSE ;-33.61217064;-70.6234648
1316;VELEROS;-33.46234774;-70.58181131
1317;CRISTIAN;-33.45338444;-70.61115335
1318;ALMACEN JAZMIN (C);-33.46447319;-70.65404735
1319;VICTOR ALFREDO BASILIO HILARIO (C);-33.46067197;-70.64498623
1320;ORIETTA WYSS;-33.58527738;-70.5682075
1321;MI SUEÑO;-33.60280649;-70.55746227
1322;TIENDA UPA!-SHELL  (F.169);-33.4177806;-70.55615196
1323;TIENDA UPA!-SHELL  (F.171);-33.39521654;-70.57213654
1324;KRIKA KEY;-33.3592007;-70.74235175
1325;COLO COLO;-33.44395682;-70.69355727
1326;MINIMARKET EL GRUÑON;-33.37114091;-70.69131818
1327;LOS VECINOS;-33.38643533;-70.66653259
1328;BOTILLERIA EL CESANTE;-33.39636418;-70.68108903
1329;MARISOL;-33.45838657;-70.64229921
1330;ADONAIS;-33.62332863;-70.607645
1331;MARIA ELENA;-33.56189412;-70.59741412
1332;LA CENTRAL 2;-33.47350894;-70.53302705
1333;LILY;-33.50787483;-70.78899462
1334;FRANCIA;-33.52920339;-70.6731777
1335;MULTIJUEGOS Y CENTRO DE PAGOS;-33.404083;-70.717941
1336;ABARROTES ANITA;-33.47399608;-70.52678443
1337;SAN MIGUEL;-33.56149913;-70.60688743
1338;RONNY;-33.44306987;-70.6462943
1339;GENESIS;-33.50399437;-70.57219044
1340;MI BARRIO;-33.47983983;-70.59221964
1341;SANTA MARTA;-33.38793178;-70.63751236
1342;YOYITA;-33.55694677;-70.62016119
1343;LOS REYES;-33.4542851;-70.53505833
1344;CAMILA;-33.45405066;-70.76136054
1345;EL TATA;-33.51884886;-70.69309681
1346;MARGARITA VEGA;-33.43012445;-70.72136518
1347;OLGUITA;-33.41965611;-70.75676398
1348;LOS PEQUES;-33.433802;-70.72431871
1349;BELEN;-33.403968;-70.747062
1350;LA JUANITA;-33.4213421;-70.71349842
1351;CENTRO DE LLAMADOS;-33.37934679;-70.68360477
1352;ALMACEN RUBEN;-33.36945749;-70.69135631
1353;LOS CHIQUILINOS;-33.54242023;-70.66563674
1354;SHALOM;-33.50457274;-70.68118745
1355;ALMACEN CARLA Y DANY;-33.56559745;-70.59838503
1356;BAZAR ALMACEN ARAGONITA;-33.55424231;-70.60935694
1357;CARNES EL CHINITO;-33.41140871;-70.63332837
1358;JOEL;-33.5005188;-70.76876775
1359;SANTA TERESA;-33.43326446;-70.66917634
1360;ALEJANDRA;-33.51361858;-70.57120355
1361;JOEL;-33.51300015;-70.77440582
1362;CHICOS BUENOS;-33.42236756;-70.75067641
1363;EL MANOLO;-33.41761116;-70.55839349
1364;CENTRO DE LLAMADOS;-33.43440019;-70.66634838
1365;LAS GEMELAS;-33.45569874;-70.75354572
1366;GALBARINO;-33.41851096;-70.72770268
1367;PALAS ATENEA;-33.42265134;-70.6957553
1368;MASTER BAKER SPA (C);-33.53588249;-70.55682634
1369;JA-V-IC;-33.38395526;-70.64968157
1370;LIBRERIA ALMAR;-33.40205836;-70.64309488
1371;EL PORTON;-33.50874242;-70.78996576
1372;CRISOL;-33.47477667;-70.70604
1373;AUCO;-33.42074109;-70.53418586
1374;VERDULERIA SEÑORA MER;-33.42620298;-70.74533032
1375;MIGUEL TORRES;-33.50162618;-70.66243868
1376;EL DOKY;-33.35903727;-70.71999183
1377;VAL SUMINISTRO SPA;-33.42194036;-70.60940913
1378;TIA PATY;-33.47670645;-70.71363477
1379;JHOSKA;-33.457484;-70.672107
1380;DONDE EL RODO;-33.51399308;-70.6729199
1381;PATRICIA;-33.44151897;-70.61544257
1382;ALMACEN LA LOLITA;-33.58837558;-70.68502246
1383;DANY'S;-33.61256545;-70.70619683
1384;TODO PETS;-33.5875878;-70.55813567
1385;LA BENDICION;-33.6258625;-70.62282733
1386;SWEET Y SALTY;-33.42714074;-70.78096135
1387;HAITI CHERIE;-33.41370082;-70.63981016
1388;KIOSKO;-33.47072113;-70.61336959
1389;GARRAS Y PATAS;-33.44354359;-70.57880037
1390;LA TIENDITA DEL RINCON;-33.44479529;-70.57706026
1391;MINIMARKET LOS PEREZ;-33.62332377;-70.68077755
1392;SAGITARIO;-33.467472;-70.65057433
1393;MAXI Y EMILIY;-33.49538884;-70.62765446
1394;CENTRO DE LLAMADOS MINIMARKET;-33.45142624;-70.56546597
1395;TABAQUERIA;-33.46259559;-70.54552935
1396;ALMACEN;-33.45464817;-70.53186727
1397;DON LUCHA;-33.45686937;-70.54060228
1398;HECTOR NIBALDO LIZAMA MARCHAN;-33.50502381;-70.73869753
1399;MARIA ANGELICA SOTO MORALES;-33.52220318;-70.78688916
1400;MARCO ANTONIO;-33.54675442;-70.77267652
1401;BAZAR DEL FLOW;-33.52463997;-70.77571704
1402;MARIA INES NAVIA GONZALEZ;-33.47593331;-70.72587984
1403;NELLY SOLEDAD ANDRADE PEREZ;-33.49637712;-70.63909159
1404;ROSA LEIVA PAZ;-33.42146141;-70.73549272
1405;MINIMARKET Marisa;-33.49787013;-70.62976825
1406;GLORIS;-33.55946194;-70.60758009
1407;TABITA;-33.49111385;-70.63570654
1408;PABLITO;-33.36882092;-70.74070109
1409;LITTLE MARKET;-33.43084724;-70.69028966
1410;ANDES;-33.433887;-70.680595
1411;EL PARRON;-33.46846064;-70.75724641
1412;PROVISIONES SANTA FE;-33.5028161;-70.72318523
1413;POLI;-33.42129271;-70.74049628
1414;RENATO;-33.53307681;-70.78456075
1415;LA PLAZA;-33.46025757;-70.7506369
1416;MIAMI 1;-33.40329524;-70.71001462
1417;DOMI;-33.53488159;-70.55925065
1418;HNOS JOFRE Y CIA;-33.57104114;-70.56135297
1419;SEÑORA LUCY;-33.59090844;-70.61240689
1420;LA MENCHE;-33.41687958;-70.74397807
1421;COMERCIAL MAR SIG SPA;-33.39007159;-70.67043917
1422;RUBEN GAJARDO;-33.48731038;-70.68486246
1423;EL TOÑO;-33.40319136;-70.72160786
1424;FLAK JESS;-33.54884842;-70.61796296
1425;BUENA FE;-33.47006263;-70.7129705
1426;SAN JUAN;-33.49478547;-70.60421783
1427;DON HERBERT;-33.55255731;-70.56736842
1428;ALMACEN BAZAR FELYPE;-33.52823349;-70.56288273
1429;EL FUTURO;-33.549556;-70.656051
1430;PABLO JAIME VALDEBENITO FARIAS;-33.5509891;-70.67024146
1431;SEÑORA CARMEN;-33.52892286;-70.58056896
1432;EL TATA;-33.50980797;-70.6675985
1433;JUAN ANTONIO PRATS VERDUGO;-33.42274809;-70.55380714
1434;ALMACEN DEL BARRIO;-33.44808831;-70.62338488
1435;MASCOTAS;-33.55842607;-70.59932854
1436;PO LOTO;-33.45305245;-70.61406311
1437;LA KARLITA;-33.39409401;-70.62728742
1438;SAN ELOY;-33.4660225;-70.63590833
1439;DONDE LA XIME;-33.45241823;-70.53622412
1440;LA POROTITA;-33.35466845;-70.74620774
1441;REVELACION;-33.43760751;-70.6433682
1442;ALMACEN PORTALES;-33.40138678;-70.70959455
1443;ALMACEN LA COPA;-33.43223071;-70.72330346
1444;PATRICIA;-33.60647869;-70.59975922
1445;EL CHOLITO;-33.44232358;-70.73312923
1446;ISABELLA;-33.47057731;-70.64205103
1447;DISTRIBUIDORA SIV;-33.43489275;-70.77326794
1448;BELENCITA;-33.61709381;-70.56283988
1449;PLAN D;-33.49560043;-70.73872549
1450;EMMANUEL;-33.51192896;-70.74246427
1451;MISS EMILI;-33.42689671;-70.74765962
1452;PROGRESO;-33.53994762;-70.63122119
1453;PILAR TORRES;-33.50783529;-70.56831063
1454;MONICA URRA;-33.42977778;-70.76446163
1455;MARITZA;-33.47382332;-70.68990533
1456;ELIZABETH VARAS (C);-33.42048948;-70.69415578
1457;LA PRIMAVERA;-33.59387822;-70.60516374
1458;ALMACEN SAN JORGE;-33.64589609;-70.66585248
1459;CIG;-33.43783998;-70.6461097
1460;ABY;-33.584896;-70.683487
1461;CARMEN GLORIA;-33.4366763;-70.71656767
1462;NINIVE;-33.38022969;-70.6617334
1463;JAIME VERGARA;-33.4657563;-70.64977893
1464;PAMELITA;-33.41762234;-70.68488885
1465;FERNANDO;-33.51121045;-70.69591252
1466;CONSTANTINI CHANELL Y CIA. LTDA.;-33.45822302;-70.68914254
1467;MARIANO;-33.47606923;-70.70804231
1468;KIOSKO;-33.43166777;-70.60953138
1469;LUCHO DRINK;-33.40987667;-70.66571135
1470;EL FARO;-33.5646631;-70.56971371
1471;SERVICIOS PUBLICITARIOS MEDITERRANEO;-33.44919745;-70.63138287
1472;ANITA;-33.366677;-70.725576
1473;BAZAR FERNANDA;-33.41614685;-70.74503157
1474;ITALO;-33.47084765;-70.60036943
1475;LUIS DAVID;-33.52710932;-70.62001016
1476;ROSITA;-33.573306;-70.61078
1477;SO-FI;-33.43104506;-70.64275363
1478;CHAYO DOS;-33.47468711;-70.70111846
1479;CONTRUCCIONES STEPHANIE ISIS VERA DIAZ;-33.39378637;-70.65429344
1480;KIOSCO;-33.43521124;-70.62862801
1481;D LA ESQUINA;-33.45364607;-70.61100404
1482;ROMAN SIGUENZA (S);-33.47009912;-70.74853036
1483;NICOLE;-33.41213464;-70.67086716
1484;EL SOL EIRL;-33.43171681;-70.75343707
1485;GENOVEVA;-33.45012821;-70.70280074
1486;CIBERK;-33.41572677;-70.69909552
1487;TIA LUCA;-33.39130999;-70.66494802
1488;ROSSY;-33.60887765;-70.58633691
1489;BOTILLERIA ORUCHA;-33.56175549;-70.63837832
1490;REBECA;-33.53413;-70.620506
1491;COTELO;-33.46417947;-70.73377537
1492;NATHALY VELOZO;-33.550358;-70.643745
1493;DONDE EL NEGRO CHICO;-33.53909645;-70.63174041
1494;LAS CAVAS;-33.606383;-70.672158
1495;JUANITO;-33.57993243;-70.66316123
1496;CENTINELA;-33.623658;-70.62775
1497;ROD NIC;-33.53801534;-70.62611413
1498;ROSA BUSTOS;-33.40380752;-70.63206026
1499;DIOS CON NOSOTROS;-33.53236395;-70.76695787
1500;DON JOSE;-33.56859871;-70.58771105
1501;LA MONA;-33.45834679;-70.67479427
1502;EL ESFUERZO;-33.42990333;-70.70102
1503;SEÑORA CECILIA;-33.38541338;-70.67689848
1504;CRISTINA ISABEL;-33.5847527;-70.66294666
1505;DYMARC ;-33.398418;-70.695366
1506;CANGREJO;-33.40829094;-70.73700698
1507;MARANATHA;-33.46783083;-70.69839149
1508;PM;-33.47496365;-70.71176341
1509;CYBER MAYUMY;-33.42987039;-70.72226539
1510;ALMACEN;-33.3942434;-70.67294616
1511;NATTY;-33.46215374;-70.75030796
1512;LAS DELICIAS DE ALICIA;-33.54759995;-70.6808075
1513;CIBER SALOMON;-33.46803617;-70.58874355
1514;OLY;-33.438861;-70.69751733
1515;RINCONNET;-33.47312045;-70.72295743
1516;JAD;-33.45864202;-70.5342852
1517;EL RINCON;-33.40442962;-70.73794667
1518;ANTONIA Y YOYI;-33.41043287;-70.72498838
1519;LA ESPERANZA;-33.51693464;-70.79695901
1520;MI FAMILIA;-33.560059;-70.61866
1521;TUGA TUGA;-33.57713349;-70.5674369
1522;TIENDA UPA!-SHELL  (F.160);-33.38594731;-70.55982467
1523;TIENDA UPA!-SHELL  (F.128);-33.35672741;-70.51055145
1524;CASA MARCO;-33.510361;-70.75798
1525;LA REGALONA;-33.44882967;-70.70615186
1526;SEBASTIAN CESAR;-33.43415795;-70.6489989
1527;VIRGEN DE LOURDES;-33.43161082;-70.69292604
1528;NACHITA;-33.55033694;-70.6043224
1529;KIOSKO ABARROTES;-33.37700998;-70.72179514
1530;ROPA SANTIAGO POR MAYOR;-33.44978883;-70.67591432
1531;CHAPARRITO;-33.36258095;-70.50623127
1532;CAM;-33.50903708;-70.64075667
1533;CARLITOS;-33.621662;-70.625069
1534;ZG.COM;-33.402424;-70.718483
1535;EL SAUSE II;-33.40253328;-70.69061177
1536;ANDERSON;-33.45666089;-70.68213383
1537;CLAUDIO ACUÑA;-33.50533607;-70.62376026
1538;EBEN EZER;-33.39764183;-70.74337509
1539;MARGARITA;-33.424282;-70.65596
1540;LA VECINA;-33.4922044;-70.6234061
1541;DULCE PALADAR;-33.517879;-70.76619
1542;KIOSKO;-33.547501;-70.569036
1543;MATILU;-33.512421;-70.559158
1544;CAMPO VERDE;-33.542099;-70.570915
1545;FLOR ABARZUA;-33.353596;-70.507713
1546;CURACAUTIN;-33.557026;-70.564354
1547;K MARKET;-33.50675831;-70.66502393
1548;MI ABUELITA ANA;-33.428284;-70.655098
1549;GALAXIA;-33.38932;-70.642372
1550;EYDEN FELIX;-33.417187;-70.65863
1551;KIOSKO;-33.42066585;-70.65323426
1552;ANTO MARKET;-33.369072;-70.679619
1553;HAPPY;-33.360382;-70.759445
1554;MI KIOSCO;-33.454517;-70.602043
1555;LAS TRES MARIAS;-33.626305;-70.609253
1556;CYNTHIA ESCOBAR;-33.6337549;-70.6268254
1557;SIGUENZA (S);-33.455002;-70.692062
1558;DONDE MAJO;-33.510201;-70.750473
1559;BENBEL Y CAR LTDA;-33.40431595;-70.72205521
1560;PANCHITO;-33.365131;-70.496269
1561;FELIX;-33.515156;-70.795876
1562;SANDRITA;-33.53465441;-70.78281783
1563;I Y R ;-33.405251;-70.729164
1564;MINIMARKET;-33.39030189;-70.65253879
1565;COMERCIAL ENTRETENIMIENTOS JMR (S);-33.432304;-70.752075
1566;JAMES;-33.46883;-70.697365
1567;LAS PALOMAS;-33.41849573;-70.73023412
1568;MARITA;-33.5540245;-70.6127558
1569;NIDIA;-33.42488897;-70.6968827
1570;MINIMARKET (S);-33.414982;-70.664558
1571; BRASCHILE;-33.398335;-70.627983
1572;BASTI Y SAMY;-33.456532;-70.530579
1573;LA ESTRELLA;-33.40711637;-70.72964309
1574;HECTOR GARCIA;-33.490776;-70.604355
1575;TOO EL RATO;-33.454041;-70.608879
1576;LIBRERÍA BELLO;-33.37702392;-70.62844624
1577;POKI;-33.526146;-70.651909
1578;EL MONITO;-33.406956;-70.746201
1579;DE RENATO;-33.542622;-70.600975
1580;WILLIAMS III;-33.592152;-70.619133
1581;EL DIDI;-33.48587922;-70.72900666
1582;LOS CACHORRITOS;-33.548229;-70.611145
1583;SACHA;-33.552277;-70.567589
1584;LOBITO;-33.563381;-70.582527
1585;MELY BLUES;-33.56952716;-70.67773669
1586;OPTICA LOS ALPES;-33.42356529;-70.61220144
1587;ALMACEN Y BAZAR MANOLO;-33.37412844;-70.68137011
1588;CRISTY;-33.5024132;-70.57462197
1589;ARRIBA DEL BALON;-33.3595326;-70.73671447
1590;KOFKE WILLY MAPU;-33.47051006;-70.54053977
1591;SIGUENZA (S);-33.43525568;-70.70785414
1592;SRA SONIA;-33.62254063;-70.59650937
1593;SIGUENZA (S);-33.43629982;-70.75547634
1594;EL ILLY;-33.54512192;-70.64945335
1595;SEBASTIAN ;-33.62008178;-70.59114625
1596;MARINAS;-33.54204344;-70.67143284
1597;LORENA;-33.45757903;-70.53067477
1598;ALMACEN;-33.42239;-70.65990041
1599;GRANDE MARTIN;-33.38009274;-70.66259313
1600;ANDREITA;-33.51074906;-70.78971684
1601;YIREH;-33.45699896;-70.70314456
1602;TIO PEPO;-33.49800025;-70.684556
1603;CAMILA;-33.42717314;-70.73707274
1604;TABAQUERIA EL CORCEL;-33.59530064;-70.70071524
1605;CRISMADY;-33.45727922;-70.64776525
1606;ENTRETENIMIENTOS SIGUENZA (S);-33.393739;-70.6730654
1607;MAGDALENA AROS;-33.43797708;-70.7668544
1608;VICTORIA VERA;-33.43648948;-70.62253075
1609;GINETTE;-33.369579;-70.722694
1610;MIRIAM TOLEDO;-33.35343765;-70.74835559
1611;CARMEN;-33.51335474;-70.7434633
1612;EL PIDA;-33.389957;-70.635803
1613;SANCHEZ BUSTAMANTE;-33.426434;-70.656654
1614;FENIX N J F;-33.41767098;-70.70207273
1615;VALPARAISO;-33.51104854;-70.67550583
1616;LOS GIRASOLES;-33.52298875;-70.61857442
1617;PAO PAO;-33.41775692;-70.55750738
1618;EL TIO BARNY;-33.49046613;-70.73061087
1619;WILDOR LOUIS;-33.480817;-70.688564
1620;MI KIOSCO;-33.41968675;-70.60487836
1621;LUZ MARIA CAÑETE;-33.46105644;-70.75986156
1622;TIENDA UPA!-SHELL  (F.170);-33.4287556;-70.62466605
1623;JUANA CARDENAS QUISPE;-33.48693185;-70.60614191
1624;EL CHANGARRO;-33.54175314;-70.60131184
1625;ALMACEN MATYIS;-33.504692;-70.567993
1626;LOBY;-33.46012351;-70.73989964
1627;FARMACIA VIVI;-33.561047;-70.665154
1628;SAN JOSE;-33.422615;-70.754349
1629;AMIGO;-33.56015764;-70.60645625
1630;LIBRA;-33.378624;-70.619377
1631;LA YUYITO;-33.404476;-70.67601
1632;ESTRELLI;-33.61924398;-70.61153183
1633;A SINGER;-33.51467924;-70.65859701
1634;QUIKY;-33.46429853;-70.54174336
1635;KIOSCO ROSSANA;-33.421875;-70.664444
1636;K Y R;-33.359596;-70.736641
1637;SU BAZAR;-33.53805889;-70.54817118
1638;LAS MONITAS;-33.397797;-70.747673
1639;HAITUCURA YONEL;-33.37011;-70.739029
1640;VALENTINA;-33.52491002;-70.56192842
1641;YUSY;-33.47117899;-70.69139295
1642;LAS DELICIAS;-33.462231;-70.756645
1643;ALBERTO RAMIREZ;-33.50987833;-70.73271285
1644;NEGRO JOSE;-33.464848;-70.751373
1645;HUGO Y ANJELI;-33.423447;-70.531555
1646;TIENDA UPA!-SHELL  (F.118);-33.48147385;-70.55800118
1647;TIENDA UPA!-SHELL  (F.134);-33.45785059;-70.57225069
1648;ERBI - CERRILLOS;-33.4918576;-70.71477101
1649;CAMILO;-33.410249;-70.636476
1650;SARITA;-33.487541;-70.686646
1651;VANIA;-33.52075729;-70.67978923
1652;DONDE GUS;-33.3551173;-70.7179197
1653;BABY OFERTAS;-33.57872301;-70.64929875
1654;JABES CHILE LTDA;-33.60775451;-70.57326431
1655;MACARENA;-33.4263339;-70.65425448
1656;EL BASTY;-33.550862;-70.627601
1657;TIENDA UPA!-SHELL  (F.153);-33.4639335;-70.64900101
1658;CAMENCITA;-33.50936131;-70.77697542
1659;NATANAEL;-33.52210025;-70.78580864
1660;CHRISTOPHER 1;-33.60833166;-70.59241751
1661;MINIMARKET;-33.4966584;-70.74433196
1662; LA ESKINA;-33.46907606;-70.73387264
1663;ACCARDI;-33.570006;-70.6093
1664;ENTRETENIMIENTOS SIGUENZA (S);-33.43952493;-70.70045682
1665;CIBER EL PELON;-33.42610271;-70.69690042
1666;KIOSCO;-33.46690546;-70.59863057
1667;TELISIA;-33.47148711;-70.69069912
1668;LOS RAMIREZ;-33.41681984;-70.7320213
1669;LA FORTALEZA;-33.53053563;-70.58702098
1670;MI NONI;-33.47164666;-70.562932
1671;PEDRO MARIN;-33.40495214;-70.7052627
1672;SAN MAURICIO;-33.39729143;-70.72677291
1673;DAINITA MASCOTAS;-33.36076462;-70.51215311
1674;MY FAMILY;-33.3722076;-70.67907465
1675;KIOSCO LA QUEBRADA;-33.401393;-70.51971
1676;LAS DELICIAS DE SUS MASCOTAS;-33.515991;-70.698387
1677;PAOLITA;-33.58014957;-70.6880321
1678;ELISABETH URZUA;-33.54661578;-70.77582458
1679;LA TETE;-33.50576501;-70.67870957
1680;PUNTO FIJO;-33.461896;-70.533547
1681;DONDE LA FRAN;-33.48075629;-70.54093732
1682;LOS AROMOS;-33.40689372;-70.69902588
1683;BABY;-33.42043135;-70.74533037
1684;LUBEMIJO;-33.4520679;-70.73089604
1685;JUANA URRUTIA;-33.52381423;-70.63291454
1686;VICTORIA;-33.43935232;-70.62323409
1687;EL JIMEÑO;-33.44165843;-70.62521664
1688;LA GOTITA DEL PORTEÑO;-33.43072255;-70.72449685
1689;BLANCO;-33.49729278;-70.72419319
1690;LA NANA;-33.36622699;-70.73514854
1691;JOSE (C);-33.48639225;-70.68091101
1692;ELIANA;-33.59364797;-70.62541468
1693;PRINCIPITO;-33.5628816;-70.5995871
1694;LA LICORERA;-33.38562933;-70.55943262
1695;JUAN VILLAGRA;-33.566192;-70.673604
1696;CHIKYTITA;-33.425671;-70.686668
1697;DONDE LA TIA EMILIANA;-33.364513;-70.711922
1698;BELEN;-33.478657;-70.673019
1699;KIOSKO GENITO;-33.491685;-70.623372
1700;RICARDO MELLA;-33.495495;-70.744034
1701;LOS NIÑITOS;-33.432701;-70.73999
1702;SEÑORA CARMEN;-33.370995;-70.715225
1703;LEONOR;-33.411469;-70.656075
1704;MAR Y JAM;-33.417675;-70.659242
1705;PUNTO TABACO;-33.42255;-70.662178
1706;SENY;-33.582378;-70.653564
1707;LOS AMANTES;-33.589882;-70.611176
1708;ELIZABETH;-33.374843;-70.663478
1709;CHAVEZ;-33.458213;-70.643964
1710;CHUMA;-33.367252;-70.745232
1711;KATU Y PALY;-33.609505;-70.572922
1712;FREEDOM EL GRAN BAZAR;-33.58865;-70.601303
1713;LOS HELECHOS;-33.557247;-70.785071
1714;DON PAN;-33.582449;-70.634653
1715;EL BETO;-33.513282;-70.623209
1716;DONDE EL FILO;-33.55441;-70.649963
1717;EL RETORNO DE DON GATO;-33.525971;-70.782031
1718;BELINDA;-33.451478;-70.624688
1719;EL SHURDITO;-33.461954;-70.655239
1720;EL OJO;-33.502654;-70.734225
1721;TIENDA UPA!-SHELL  (F.117);-33.450023;-70.605223
1722;ALMACEN ALICIA CALDERON;-33.37325865;-70.64501438
1723;DON PRIMO;-33.503723;-70.632751
1724;VALENTINA;-33.377705;-70.72761
1725;A Y V;-33.576881;-70.656646
1726;GAVIOTA;-33.47979258;-70.56651242
1727;MI VIEJO MANUEL;-33.490753;-70.628052
1728; TRIUNFO II;-33.558823;-70.602165
1729;KREMA Y CANELA;-33.463198;-70.647165
1730;HAYDN;-33.484465;-70.624371
1731;LEON MOYON;-33.462427;-70.69218
1732;VIVIANA ;-33.541581;-70.636736
1733;MAMI ROSA;-33.474839;-70.579497
1734;ANGEL MARQUINA;-33.436419;-70.747451
1735;KIOSCO;-33.492352;-70.599949
1736;EL BOLICHE;-33.602486;-70.558834
1737;CARLOS MOYA;-33.580049;-70.601745
1738;MATIAS Y CARLOS;-33.625612;-70.596021
1739;ALGO TENGO;-33.596373;-70.557895
1740;CSOTO;-33.580385;-70.646183
1741;RENACER;-33.50015731;-70.62781349
1742;ARICA;-33.572408;-70.583347
1743;KA Y TA;-33.603829;-70.626081
1744;EL MOLINO;-33.386495;-70.817027
1745;RED BUTTON;-33.45483483;-70.58137045
1746; DONDE JUANITO;-33.467651;-70.546645
1747;LA BENDICION;-33.467325;-70.529677
1748;LOS TRES A;-33.502377;-70.736113
1749;LA TOMATERA;-33.494;-70.590487
1750;P Y K;-33.544493;-70.653618
1751;TODO PERFUMES;-33.510818;-70.756348
1752;ZEUS;-33.401466;-70.745865
1753;SHARLOM;-33.426594;-70.731658
1754;LA PALMERA;-33.459067;-70.531247
1755;CARDAJO;-33.587379;-70.641815
1756;YING Y YANG;-33.453272;-70.650256
1757;Y C V;-33.57641613;-70.60399789
1758;LU.KA Y TIO ALE;-33.361004;-70.755775
1759;BARBARITA;-33.486852;-70.66387
1760;DON TITO;-33.499828;-70.721016
1761;REMI;-33.534023;-70.771568
1762;DONDE IVAN;-33.408882;-70.676453
1763;BUEN DIA;-33.520203;-70.582657
1764;MARIA GARRIDO;-33.361938;-70.750336
1765;AMASANDERIA NINA;-33.526134;-70.780602
1766;ROSMERY GUARNIZ;-33.414104;-70.66613
1767;BAZAR Y LIBRERÍA MAFALDA;-33.515198;-70.763351
1768;SARDICH IN FAMILY;-33.4179;-70.717941
1769;CONFITERIA SANTIS SPA;-33.45480243;-70.60484396
1770;ANDREA ROJAS;-33.409752;-70.632263
1771;PALOMITA;-33.533344;-70.649384
1772;RUTH MEYER ;-33.479221;-70.720848
1773;VIRSI;-33.475548;-70.644684
1774;ELECTRIC HOME;-33.438194;-70.606888
1775;ROMAN SIGUENZA (S);-33.45467;-70.6922
1776;LA RESURRECCION;-33.362137;-70.747734
1777;DONDE NACHITO;-33.582798;-70.62606
1778;EL PESO JUSTO;-33.580204;-70.602814
1779;LA ESKINA DE LA OFERTA;-33.526257;-70.557663
1780;LUIS VIZCARRA;-33.445126;-70.657722
1781;FLOR DORADA (C);-33.41136807;-70.7177948
1782;ALMACEN DAYANITA I (C);-33.453632;-70.639809
1783;ALMACEN MONICA (C);-33.468983;-70.55999
1784;MARIA CARVAJAL (C);-33.51786;-70.6272186
1785;LA ESTRELLA;-33.475567;-70.575768
1786;FRAN Y FER;-33.507599;-70.64489
1787;COMERCIAL MARANATHA;-33.380236;-70.682487
1788;LA ESQUINA D ELA BENDICION;-33.587929;-70.681152
1789;LA FAMILIA;-33.558756;-70.611381
1790;RUBENCIAO;-33.464691;-70.753975
1791;EL COTELO;-33.586952;-70.641495
1792;FRANCO;-33.560891;-70.653667
1793;EL CHOLITO;-33.46017;-70.74456
1794;MARY;-33.57907489;-70.64714355
1795;LA PELU;-33.628876;-70.607803
1796;MINIMARKET ANGELICA;-33.480602;-70.629921
1797;KIOSCO;-33.468948;-70.598358
1798;JOVY;-33.46513908;-70.62011471
1799;LOS TRES HERMANOS;-33.438261;-70.661191
1800;MINIMARKET HNOS BASILIO (C);-33.461146;-70.647256
1801;MARTHITA;-33.46537;-70.714953
1802;ORLANDO ROJAS CRUZADO (C);-33.466251;-70.65152
1803;DISPENSA MARINA;-33.460855;-70.855954
1804;CATALINA CRUZ PEÑALOZA;-33.535566;-70.593725
1805;EMPORIO;-33.581449;-70.552376
1806;ALMACEN MARTA;-33.400613;-70.680567
1807;MINIMARKET;-33.45915025;-70.62267059
1808;PUNTO AZUL (C);-33.447895;-70.649376
1809;LOS VILOS;-33.539083;-70.62906
1810;NAYARI;-33.493199;-70.764405
1811;OSCAR MAYA;-33.4345742;-70.66391766
1812;MARCHANT;-33.470608;-70.700921
1813;CARMEN RITA ACEVEDO ALMENDRA;-33.436983;-70.719462
1814;BAZAR DAGHY;-33.507065;-70.745506
1815;EL MOMO;-33.502277;-70.565941
1816;HILDA MARGARITA BURGOS FONSECA;-33.409447;-70.727859
1817;MINIMARKET;-33.46104541;-70.62107308
1818;FARMACIAS DONDE LORITO;-33.406284;-70.745665
1819;ALMACEN RAQUELITA;-33.401169;-70.730186
1820;TABAQUERIA ;-33.39382816;-70.64247582
1821;NENITA ;-33.52301;-70.600479
1822;CARLOS SEPULVEDA VALENZUELA ;-33.539585;-70.60894
1823;BIG 7;-33.47910629;-70.60932814
1824;JULY;-33.360045;-70.740313
1825;ESTADIO;-33.412548;-70.712143
1826;DON JORGE;-33.377289;-70.62178
1827;SERVIGAS ;-33.505862;-70.598324
1828;MONO PANDA ;-33.59656593;-70.60204932
1829;GLORIA HURTADO LIZARME;-33.43403545;-70.62682891
1830;PAOLA;-33.4421072;-70.73065715
1831;LA MIMI;-33.47179682;-70.71944994
1832;TIA FABI;-33.589296;-70.556595
1833;ISIDORA Y JEAN;-33.388378;-70.694633
1834;LA EQUINA DE GUAGUIN;-33.591899;-70.576582
1835;ABUELI ALICIA;-33.464596;-70.711502
1836;EXITO;-33.59254;-70.565216
1837;ROSA PAULINA TAPIA RIVERA;-33.55365123;-70.64757699
1838;SANTA CATALINA;-33.455396;-70.846153
1839;CRISTINA;-33.398418;-70.704422
1840;EL PAISA (C);-33.43997548;-70.67786753
1841;ALCIPAU ELECTRONICA Y COMPUTACION;-33.42365386;-70.61264358
1842;ALMACEN LAS CHIQUILLAS;-33.42033087;-70.7571463
1843;H.B.C;-33.5188298;-70.55334873
1844;COMIDA AL PASO EL TATA POLLO;-33.59264888;-70.62714212
1845;SOCIEDAD COMERCIAL ALEXZA LTDA.;-33.42592375;-70.53458134
1846;JOSE SANDOVAL ;-33.421417;-70.6607346
1847;LEO ;-33.46881947;-70.64845238
1848;CLAUDINA;-33.471215;-70.688638
1849;LAS CHIQUILLAS;-33.3322645;-70.7223462
1850;EL BOCA SECA;-33.359245;-70.721085
1851;DONDE EMILIA Y MANUEL;-33.369801;-70.679611
1852;ALMACEN SEÑORA LILI;-33.4300769;-70.5865264
1853;ANGY;-33.51899221;-70.6810582
1854;ALMACEN CARLOS;-33.51272307;-70.69682919
1855;MANUEL MUÑOZ FAMBUENA;-33.44312407;-70.64647383
1856;PAUNEVIDA;-33.4524726;-70.62598337
1857;KATY;-33.4769916;-70.5344437
1858;ANDRES;-33.591259;-70.6901
1859;ALMACEN Y BAZAR ADONAI;-33.624177;-70.689649
1860;JEANE METAYER;-33.483586;-70.664863
1861;COCO LISO;-33.37747418;-70.68699752
1862;EL ARRAYAN;-33.57213641;-70.57860984
1863;ENZO;-33.580334;-70.63485
1864;GEMINIS;-33.371536;-70.633881
1865;J Y D;-33.448101;-70.702843
1866;DONDE EL RICHY;-33.475672;-70.596196
1867;NAILA CORVALAN;-33.387684;-70.671036
1868;EL POLITO;-33.522877;-70.683487
1869;DAMARIS;-33.4547;-70.640312
1870;CENTRO DE LLAMADOS E INTERNET;-33.465988;-70.673241
1871;MARKET PARAISO ;-33.454018;-70.654236
1872;DON QUESO;-33.57956153;-70.55571306
1873;KIOSCO ANDRES;-33.409977;-70.571594
1874;BER STORE RENCA;-33.407566;-70.70211
1875;MARANATHA;-33.427689;-70.742813
1876;LOS GEMELOS;-33.417927;-70.535728
1877;LA NANA;-33.628498;-70.704636
1878; SUSANA;-33.467972;-70.754501
1879;EL RAFA;-33.47421397;-70.71220526
1880;DON ALONSO;-33.455624;-70.590157
1881;FLORCITA MARIA;-33.519433;-70.794184
1882;CATITA;-33.47183828;-70.55111518
1883;MAITE;-33.473141;-70.716774
1884;LAS TRES MARIAS;-33.470234;-70.570229
1885;SOCIEDAD FARMACEUTICA MAIPU LTDA.;-33.510878;-70.75477
1886;CRISTO VIENE;-33.52953644;-70.62799675
1887;ÑUÑORK MINIMARKET ;-33.44648582;-70.59874665
1888;EBEN-EZER;-33.560638;-70.652481
1889;TRANSPORTE C.C E.I.L;-33.499728;-70.662894
1890;MINIMARKET ROXANITA;-33.428576;-70.6832
1891;COTTE;-33.4206915;-70.7592064
1892;ISRAEL AMERICO ROJAS AGUILAR;-33.46165364;-70.73817696
1893;ROMAN SIGUENZA VALLES ENTRETENIMIENTOS E.I.R.L (S);-33.44326467;-70.71435662
1894;POLLA PROVIDENCIA 1304;-33.428699;-70.620155
1895;POLLA ESTADO 99;-33.441818;-70.649055
1896;POLLA COMPANIA 1001;-33.438709;-70.65136
1897;POLLA HUERFANOS 1125;-33.439683;-70.652705
1898;POLLA AHUMADA 154;-33.441296;-70.650604
1899;BAZAR SANDYMIL;-33.453682;-70.538521
1900;MI KAYA;-33.4692056;-70.70891893
1901;EL LEGADO DE TOÑO;-33.567767;-70.569852
1902;TOLYS MARKET;-33.474274;-70.546974
1903;PAULINA ;-33.595611;-70.584466
1904;AMBAR;-33.449657;-70.705231
1905;ROLANDO GAMARRA;-33.429546;-70.734825
1906;TOTON;-33.399727;-70.755249
1907;ASAEL PASCAL;-33.55439;-70.64576
1908;VIRGENCITA DE CHAPI;-33.436445;-70.733584
1909;FLOR ELIANA;-33.417236;-70.726509
1910;ROLANDO GAMARRA;-33.455714;-70.759983
1911;LOS CENTENOS IRL;-33.421174;-70.763174
1912;PICNIC MARKET;-33.445339;-70.64003
1913;LA HERRADURA;-33.525322;-70.633713
1914;HIJOS;-33.429935;-70.747581
1915;CAROLINA;-33.428696;-70.758194
1916;WALTER MEJIA SOMERE;-33.43179742;-70.75551994
1917;COMERCIAL ENTRETENIMIENTOS SMR SPA (S);-33.46987305;-70.75468253
1918;COMERCIAL ENTRETENIMIENTOS SMR SPA (S);-33.38525341;-70.67171498
1919;S&M LA VENTANA;-33.449982;-70.710243
1920;LA MARRAQUETA;-33.40293714;-70.71957
1921;LEONEL;-33.45454;-70.681755
1922;ANAIS;-33.41933;-70.765269
1923;WILNER DEJOUR;-33.471272;-70.692932
1924;LA ESPIGA;-33.458084;-70.683868
1925;DON RAUL ;-33.502449;-70.734093
1926;CHUNCHITA;-33.408806;-70.721497
1927;BAZAR PAQUETERIA MAGGY;-33.361786;-70.629753
1928;BCB;-33.526409;-70.57605
1929;SENAT THE BASH;-33.352589;-70.744553
1930;ROCK & FRUITS;-33.508858;-70.742226
1931;LA MORENITA;-33.483708;-70.664869
1932;INVERSIONES SOLARI Y COMPAÑIA LIMITADA;-33.45613214;-70.82165713
1933;PURICAS BAKERY SHOP;-33.44079433;-70.62419067
1934;LOS TORTOLITOS;-33.429412;-70.711511
1935;JESSICA LORETO MELLA CARMONA;-33.41727621;-70.7476926
1936;BAZAR AGUSTINA;-33.421305;-70.765853
1937;LOS VIÑEDOS - PEÑALOLEN;-33.507227;-70.556512
1938;LOS VIÑEDOS - LA FLORIDA;-33.52006;-70.544576
1939;A Y M;-33.578804;-70.66333
1940;COFI MARKET;-33.489464;-70.708008
1941;JUAN CARLOS ROJAS SOTO;-33.40228494;-70.71412731
1942;VOY & VUELVO;-33.416689;-70.712481
1943;MIMBRES JACQUELINE;-33.408211;-70.679527
1944;TIENDA UPA!-SHELL  (F.647) PORTUGAL;-33.44495175;-70.63706455
1945;SHAWARMAN;-33.375528;-70.505861
1946;SANTA CRUZ;-33.402916;-70.66407
1947;ALMACEN MARTOM;-33.410248;-70.731682
1948;CARNICERIA FIGUEROA;-33.42410622;-70.53007893
1949;AMASANDERIA COTE;-33.415657;-70.675827
1950;MI AMIGA;-33.47929405;-70.73100182
1951;GRAN DOBLETE;-33.43735602;-70.58553642
1952;VIRGEN DE LA PUERTA;-33.469708;-70.64693
1953;TATA MAN;-33.446033;-70.703026
1954;LA NEGRITA;-33.547254;-70.62691
1955;LUIS PATRICIO TORRES VALLEJOS;-33.490951;-70.714213
1956;LA ESQUINA;-33.43055;-70.736193
1957;EL TOMAS;-33.411835;-70.695841
1958;CASANOVA;-33.439529;-70.575249
1959;BOLICHE LAS MOROCHAS;-33.573727;-70.603424
1960;MOVAFAR LTDA.;-33.577696;-70.656906
1961;EDUARDO;-33.395426;-70.697697
1962;SWFT CARS;-33.50689372;-70.56736172
1963;LOS PAISAS;-33.436959;-70.658136
1964;PANADERIA SAN JOSE;-33.400208;-70.653259
1965;CHARLY SAMMY;-33.420273;-70.75576
1966;AYSED;-33.471703;-70.700417
1967;CUSTOM STORE;-33.55089514;-70.67267352
1968;TU MARKET;-33.43628417;-70.65573379
1969;ALMACEN ROXANITA;-33.523369;-70.668442
1970;FRUTERIA;-33.452439;-70.620809
1971;ALMACEN JENNY;-33.545528;-70.762199
1972;YANINNA;-33.585998;-70.677685
1973;MARCELA AGUILERA;-33.522461;-70.780289
1974;MINIMARKET CUMBRES;-33.6297;-70.678047
1975;LA ROSITA;-33.509186;-70.682534
1976;FARMACIA EL MANZANO;-33.542401;-70.615676
1977;MADEIRA SHOP;-33.44726398;-70.61393326
1978;QUILIDELICIAS;-33.354427;-70.72142
1979;SOLGREENS FARMACIAS SPA;-33.431588;-70.647651
1980;SOLGREENS FARMACIAS SPA;-33.42998;-70.645322
1981;RUTH (C);-33.392797;-70.669799
1982;COMERCIALIZADORA VERONICA;-33.44265;-70.733589
1983;ALMACEN TIO GUATON;-33.542547;-70.653654
1984;CLARITA;-33.595009;-70.684029
1985;ALMACEN SUCUCHO;-33.482651;-70.69989
1986;KM BIEN;-33.409447;-70.666252
1987;MI TATA;-33.531029;-70.779778
1988;EL PINO;-33.612644;-70.704697
1989;BELINDA;-33.45323103;-70.63212655
1990;RIAL LTDA;-33.599025;-70.582946
1991;CATALINA BELEN;-33.558441;-70.553749
1992;CAMILA;-33.568836;-70.686378
1993;ALMACEN LOURDES;-33.352539;-70.750217
1994; EL MARTILLO ROJO;-33.406879;-70.740837
1995;HERMANOS BASILIO;-33.460423;-70.655922
1996;CRISTO VIENE;-33.369341;-70.744127
1997; LA PATRONCITA;-33.427052;-70.711143
1998;ENRIQUE;-33.47327;-70.714058
1999;DOÑA FELA;-33.42132112;-70.66300468
2000;VALERIA;-33.367641;-70.720163
2001;DONDE LA CHOLA;-33.500005;-70.767392
2002;PANADERIA LA NONA;-33.42411;-70.722908
2003;RICHARD;-33.447045;-70.757639
2004;EL RINCON DE LA VICTORIA;-33.43332301;-70.71391205
2005;DONDE VICKY;-33.41178298;-70.68573431
2006;MINIMARKET;-33.439047;-70.554257
2007;MAREADOS;-33.514576;-70.683162
2008;HNOS. BASILIO;-33.45832532;-70.63590869
2009;TIO MAX;-33.400909;-70.727898
2010;TIENDA UPA!-SHELL (F.413);-33.40746;-70.562813
2011;TIENDA UPA! SHELL (F.157);-33.44193688;-70.63336245
2012;CHUNDO;-33.528434;-70.703777
2013;FARMACIA SEGAL;-33.571375;-70.674439
2014;DON FRANCY;-33.529331;-70.701393
2015;XAVIER MARKET;-33.547043;-70.7631
2016;ALMACEN LA VENTANA;-33.473202;-70.692482
2017;ALIPAN;-33.408363;-70.552483
2018;TATA´S;-33.508236;-70.668686
2019;CARLITOS;-33.613066;-70.70783
2020;JUAN SEBASTIAN DIAZ PUGLISEVICH;-33.537251;-70.644829
2021;DALCAHUE;-33.546505;-70.761375
2022;FARMACIA REX;-33.44358737;-70.56185268
2023;COMERCIAL EVELYN EIRL;-33.42079572;-70.6567612
2024;FARMACIAS MUNDO;-33.462874;-70.642615
2025;EL MILAGRO;-33.37972467;-70.66735583
2026;PEPE LUIS;-33.543583;-70.764679
2027;LETICIA;-33.455874;-70.533362
2028;LA FAMILIA SPA;-33.46672883;-70.6765229
2029;FANIUS FILS AIME;-33.487555;-70.674248
2030;LOS TRES HERMANOS;-33.487709;-70.641991
2031;BAZAR ALIMENTOS DE MASCOTA ALMACEN;-33.433291;-70.730425
2032;MINIMARKET SAN MARTIN;-33.60857;-70.535525
2033;MINIMARKET EL IMPERIO;-33.473164;-70.598535
2034;LA PALOMA;-33.511459;-70.638191
2035;Centro bip!;-33.364559;-70.729876
2036;Centro bip!;-33.55377964;-70.60100683
2037;Centro bip!;-33.37432667;-70.63698733
2038;Centro bip!;-33.58145859;-70.59725275
2039;Centro bip!;-33.55459775;-70.63156399
2040;Centro bip!;-33.37419077;-70.6863347
2041;Centro bip!;-33.49010105;-70.59975715
2042;Centro bip!;-33.52006894;-70.69607578
2043;Centro bip!;-33.40544;-70.703798
2044;Centro bip!;-33.42539318;-70.55225938
2045;Centro bip!;-33.5071968;-70.6395121
2046;Centro bip!;-33.44435705;-70.75222914
2047;Centro bip!;-33.43829403;-70.60831077
2048;Centro bip!;-33.5917831;-70.70340038
2049;Centro bip!;-33.47708477;-70.74080559
2050;Centro bip!;-33.4308276;-70.71897926
2051;Centro bip!;-33.46446688;-70.70536213
2052;Centro bip!;-33.40213054;-70.63049293
2053;Centro bip!;-33.40693226;-70.66052437
2054;Centro bip!;-33.49499467;-70.67679261
2055;Centro bip!;-33.45349244;-70.64663853
2056;Centro bip!;-33.51021337;-70.75988259
2057;Centro bip!;-33.45369234;-70.60497064
2058;Centro bip!;-33.45131842;-70.54041139
2059;Centro bip!;-33434846;-70636347
2060;Centro bip!;-33.58586618;-70.6287687
2061;Centro bip!;-33.37244302;-70.67088721
2062;Centro bip!;-33.57334036;-70.66166123
2063;Centro bip!;-33.55918781;-70.67004011
2064;Centro bip!;-33.50346359;-70.56120668
2065;Centro bip!;-33.61855417;-70.62586667
2066;Centro bip!;-33.47150984;-70.75968337
2067;Centro bip!;-33.35562011;-70.50717276
2068;Centro bip!;-33.41368386;-70.68021963
2069;Centro bip!;-33.39798575;-70.66902128
2070;Centro bip!;-33.37325691;-70.51823825
2071;Centro bip!;-33.48708859;-70.76283625
2072;Centro bip!;-33.45863627;-70.64546527
2073;Centro bip!;-33.40669382;-70.56641797
2074;Centro bip!;-33.43182356;-70.69208889
2075;Centro bip!;-33.53970893;-70.57198985
2076;Centro bip!;-33.38789697;-70.56686824
2077;Centro bip!;-33.44213337;-70.76370119
2078;Centro bip!;-33.5609627;-70.78703201
2079;Centro bip!;-33.47611252;-70.54340248
2080;Centro bip!;-33.43899046;-70.64945726
2081;Centro bip!;-33.45443311;-70.57627383
2082;Centro bip!;-33.35653;-70.729274
2083;Centro bip!;-33.4919904;-70.72248535
2084;Centro bip!;-33.52225851;-70.57914236
2085;Centro bip!;-33.53386688;-70.63491407
2086;Centro bip!;-33.51443989;-70.69298685
2087;Centro bip!;-33.50553946;-70.69187847
2088;Centro bip!;-33.43588584;-70.67947505
2089;Centro bip!;-33.54930279;-70.67143075
2090;Centro bip!;-33.3961275;-70.62808045
2091;Centro bip!;-33.41978514;-70.60625436
2092;Centro bip!;-33.57427011;-70.69086563
2093;Centro bip!;-33.43107403;-70.74061478
2094;Centro bip!;-33.54323954;-70.60362917
2095;Centro bip!;-33.59386867;-70.68569716
2096;Centro bip!;-33.57671597;-70.57027373
2097;Centro bip!;-33.39176167;-70.54273182
2098;Centro bip!;-33.422138;-70.750818
2099;Centro bip!;-33.43210303;-70.70420727
2100;Centro bip!;-33.48213055;-70.6946811
2101;Centro bip!;-33.36595835;-70.63328222
2102;Centro bip!;-33.46217341;-70.74673336
2103;Centro bip!;-33.56646866;-70.55807954
2104;Centro bip!;-33.51506134;-70.71741989
2105;Centro bip!;-33.36666804;-70.73797892
2106;Centro bip!;-33.5084187;-70.77574836
2107;Centro bip!;-33.40128222;-70.72857896
2108;Centro bip!;-33.452237;-70.67892
2109;Centro bip!;-33.452237;-70.67892
2110;Centro bip!;-33.493075;-70.6818
2111;Centro bip!;-33.514151;-70.685795
2112;Centro bip!;-33.573201;-70.698397
2113;Centro bip!;-33.586418;-70.698471
2114;Centro bip!;-33.594486;-70.697878
2115;Centro bip!;-33.606847;-70.696979
2116;Centro bip!;-33.623645;-70.700781
2117;Centro bip!;-33.632758;-70.704796
2118;Centro bip!;-33.4785099;-70.67780795
2119;Centro bip!;-33.464353;-70.597587
2120;Centro bip!;-33.418294;-70.656443
